split,budget,comparison,metric,mean,ci95,lower95,upper95,n
low_signal_morphology_stress,0.00,cost_calibrated_failure_predictive_morphology_v5_minus_online_system_identification,coverage,0.17083333333333334,0.08546506156887265,0.08536827176446068,0.25629839490220596,10
low_signal_morphology_stress,0.00,cost_calibrated_failure_predictive_morphology_v5_minus_online_system_identification,accepted_success,0.0,0.0,0.0,0.0,10
low_signal_morphology_stress,0.00,cost_calibrated_failure_predictive_morphology_v5_minus_online_system_identification,accepted_safety_violation,0.01347517730496454,0.026411347517730496,-0.012936170212765956,0.03988652482269504,10
low_signal_morphology_stress,0.00,cost_calibrated_failure_predictive_morphology_v5_minus_online_system_identification,accepted_regret,0.01633299879890447,0.008597416838675603,0.007735581960228869,0.024930415637580076,10
low_signal_morphology_stress,0.00,cost_calibrated_failure_predictive_morphology_v5_minus_online_system_identification,accepted_utility,-0.02423198858384291,0.0362114385471554,-0.06044342713099832,0.011979449963312492,10
low_signal_morphology_stress,0.00,cost_calibrated_failure_predictive_morphology_v5_minus_online_system_identification,accepted_cost,-0.00898910826317777,0.0004972179737203302,-0.0094863262368981,-0.00849189028945744,10
low_signal_morphology_stress,0.00,cost_calibrated_failure_predictive_morphology_v5_minus_meta_adaptive_mpc,coverage,0.18854166666666666,0.061367933445045215,0.12717373322162145,0.24990960011171187,10
low_signal_morphology_stress,0.00,cost_calibrated_failure_predictive_morphology_v5_minus_meta_adaptive_mpc,accepted_success,0.11333333333333333,0.19483505654593902,-0.0815017232126057,0.30816838987927236,10
low_signal_morphology_stress,0.00,cost_calibrated_failure_predictive_morphology_v5_minus_meta_adaptive_mpc,accepted_safety_violation,-0.06708037825059102,0.16295134285277293,-0.23003172110336395,0.09587096460218192,10
low_signal_morphology_stress,0.00,cost_calibrated_failure_predictive_morphology_v5_minus_meta_adaptive_mpc,accepted_regret,-0.002275184940688131,0.022578023895334576,-0.024853208836022708,0.020302838954646445,10
low_signal_morphology_stress,0.00,cost_calibrated_failure_predictive_morphology_v5_minus_meta_adaptive_mpc,accepted_utility,0.19967792348322494,0.2699380331090374,-0.07026010962581247,0.46961595659226235,10
low_signal_morphology_stress,0.00,cost_calibrated_failure_predictive_morphology_v5_minus_meta_adaptive_mpc,accepted_cost,-0.0020033187077584877,0.011057308529670786,-0.013060627237429274,0.009053989821912299,10
low_signal_morphology_stress,0.00,cost_calibrated_failure_predictive_morphology_v5_minus_conformal_risk_shield,coverage,0.2552083333333333,0.07149433249598627,0.18371400083734704,0.3267026658293196,10
low_signal_morphology_stress,0.00,cost_calibrated_failure_predictive_morphology_v5_minus_conformal_risk_shield,accepted_success,0.5,0.32666666666666666,0.17333333333333334,0.8266666666666667,10
low_signal_morphology_stress,0.00,cost_calibrated_failure_predictive_morphology_v5_minus_conformal_risk_shield,accepted_safety_violation,0.01347517730496454,0.026411347517730496,-0.012936170212765956,0.03988652482269504,10
low_signal_morphology_stress,0.00,cost_calibrated_failure_predictive_morphology_v5_minus_conformal_risk_shield,accepted_regret,-0.026301477710971608,0.03129987641424365,-0.05760135412521526,0.004998398703272042,10
low_signal_morphology_stress,0.00,cost_calibrated_failure_predictive_morphology_v5_minus_conformal_risk_shield,accepted_utility,0.4943873927782717,0.30813626276019185,0.18625113001807986,0.8025236555384636,10
low_signal_morphology_stress,0.00,cost_calibrated_failure_predictive_morphology_v5_minus_conformal_risk_shield,accepted_cost,0.01595474989747588,0.021623983345315782,-0.005669233447839903,0.037578733242791665,10
low_signal_morphology_stress,0.00,cost_calibrated_failure_predictive_morphology_v5_minus_constraint_aware_mpc,coverage,0.2892361111111111,0.08364068078185966,0.20559543032925143,0.37287679189297074,10
low_signal_morphology_stress,0.00,cost_calibrated_failure_predictive_morphology_v5_minus_constraint_aware_mpc,accepted_success,0.7,0.29939494540378153,0.4006050545962184,0.9993949454037815,10
low_signal_morphology_stress,0.00,cost_calibrated_failure_predictive_morphology_v5_minus_constraint_aware_mpc,accepted_safety_violation,0.01347517730496454,0.026411347517730496,-0.012936170212765956,0.03988652482269504,10
low_signal_morphology_stress,0.00,cost_calibrated_failure_predictive_morphology_v5_minus_constraint_aware_mpc,accepted_regret,0.013336723157021158,0.011197987252824346,0.002138735904196812,0.024534710409845506,10
low_signal_morphology_stress,0.00,cost_calibrated_failure_predictive_morphology_v5_minus_constraint_aware_mpc,accepted_utility,0.6587102314642271,0.2808552824344187,0.37785494902980843,0.9395655138986458,10
low_signal_morphology_stress,0.00,cost_calibrated_failure_predictive_morphology_v5_minus_constraint_aware_mpc,accepted_cost,0.033577891443588,0.015448067126232132,0.018129824317355867,0.04902595856982013,10
low_signal_morphology_stress,0.00,cost_calibrated_failure_predictive_morphology_v5_minus_risk_aware_intervention_policy,coverage,0.1222222222222222,0.16388315380214394,-0.041660931579921734,0.28610537602436614,10
low_signal_morphology_stress,0.00,cost_calibrated_failure_predictive_morphology_v5_minus_risk_aware_intervention_policy,accepted_success,0.20416666666666666,0.26009690145818376,-0.0559302347915171,0.4642635681248504,10
low_signal_morphology_stress,0.00,cost_calibrated_failure_predictive_morphology_v5_minus_risk_aware_intervention_policy,accepted_safety_violation,0.01347517730496454,0.026411347517730496,-0.012936170212765956,0.03988652482269504,10
low_signal_morphology_stress,0.00,cost_calibrated_failure_predictive_morphology_v5_minus_risk_aware_intervention_policy,accepted_regret,-0.036290181120122854,0.02266465332962898,-0.05895483444975183,-0.013625527790493874,10
low_signal_morphology_stress,0.00,cost_calibrated_failure_predictive_morphology_v5_minus_risk_aware_intervention_policy,accepted_utility,0.21568986272569615,0.26566792430905795,-0.049978061583361794,0.48135778703475407,10
low_signal_morphology_stress,0.00,cost_calibrated_failure_predictive_morphology_v5_minus_risk_aware_intervention_policy,accepted_cost,-0.006586885236060118,0.012078131767430828,-0.018665017003490946,0.0054912465313707096,10
low_signal_morphology_stress,0.05,cost_calibrated_failure_predictive_morphology_v5_minus_online_system_identification,coverage,0.13854166666666667,0.1267874573815558,0.011754209285110867,0.2653291240482225,10
low_signal_morphology_stress,0.05,cost_calibrated_failure_predictive_morphology_v5_minus_online_system_identification,accepted_success,0.01594112383591485,0.1258547912725128,-0.10991366743659796,0.14179591510842765,10
low_signal_morphology_stress,0.05,cost_calibrated_failure_predictive_morphology_v5_minus_online_system_identification,accepted_safety_violation,0.023744671157927215,0.03803714953242272,-0.014292478374495508,0.06178182069034994,10
low_signal_morphology_stress,0.05,cost_calibrated_failure_predictive_morphology_v5_minus_online_system_identification,accepted_regret,0.014210867032402251,0.019338209281361655,-0.0051273422489594035,0.03354907631376391,10
low_signal_morphology_stress,0.05,cost_calibrated_failure_predictive_morphology_v5_minus_online_system_identification,accepted_utility,-0.018951250049515832,0.14658267019759189,-0.16553392024710772,0.12763142014807605,10
low_signal_morphology_stress,0.05,cost_calibrated_failure_predictive_morphology_v5_minus_online_system_identification,accepted_cost,-0.01052468669178064,0.0012653863193372787,-0.011790073011117919,-0.00925930037244336,10
low_signal_morphology_stress,0.05,cost_calibrated_failure_predictive_morphology_v5_minus_meta_adaptive_mpc,coverage,0.18784722222222222,0.08785612285949457,0.09999109936272765,0.2757033450817168,10
low_signal_morphology_stress,0.05,cost_calibrated_failure_predictive_morphology_v5_minus_meta_adaptive_mpc,accepted_success,0.049320207382446066,0.09097949334807759,-0.04165928596563152,0.14029970073052367,10
low_signal_morphology_stress,0.05,cost_calibrated_failure_predictive_morphology_v5_minus_meta_adaptive_mpc,accepted_safety_violation,-0.025695775386177868,0.11667336306500954,-0.1423691384511874,0.09097758767883167,10
low_signal_morphology_stress,0.05,cost_calibrated_failure_predictive_morphology_v5_minus_meta_adaptive_mpc,accepted_regret,-0.008432693709674977,0.022915606965715003,-0.031348300675389976,0.014482913256040026,10
low_signal_morphology_stress,0.05,cost_calibrated_failure_predictive_morphology_v5_minus_meta_adaptive_mpc,accepted_utility,0.09134926358849858,0.19214186868058392,-0.10079260509208533,0.2834911322690825,10
low_signal_morphology_stress,0.05,cost_calibrated_failure_predictive_morphology_v5_minus_meta_adaptive_mpc,accepted_cost,-0.008903271762410386,0.0011379021960390239,-0.010041173958449409,-0.0077653695663713615,10
low_signal_morphology_stress,0.05,cost_calibrated_failure_predictive_morphology_v5_minus_conformal_risk_shield,coverage,0.18472222222222223,0.0834913440228924,0.10123087819932983,0.2682135662451146,10
low_signal_morphology_stress,0.05,cost_calibrated_failure_predictive_morphology_v5_minus_conformal_risk_shield,accepted_success,-0.017772325317840475,0.0720923436896577,-0.08986466900749818,0.05432001837181722,10
low_signal_morphology_stress,0.05,cost_calibrated_failure_predictive_morphology_v5_minus_conformal_risk_shield,accepted_safety_violation,0.03532500148825755,0.02868393318781872,0.0066410683004388266,0.06400893467607627,10
low_signal_morphology_stress,0.05,cost_calibrated_failure_predictive_morphology_v5_minus_conformal_risk_shield,accepted_regret,-0.09642785225019214,0.014119648776515085,-0.11054750102670723,-0.08230820347367705,10
low_signal_morphology_stress,0.05,cost_calibrated_failure_predictive_morphology_v5_minus_conformal_risk_shield,accepted_utility,0.011511051704863662,0.09724509938708566,-0.085734047682222,0.10875615109194932,10
low_signal_morphology_stress,0.05,cost_calibrated_failure_predictive_morphology_v5_minus_conformal_risk_shield,accepted_cost,-0.013200370022207517,0.007508476306666237,-0.020708846328873754,-0.00569189371554128,10
low_signal_morphology_stress,0.05,cost_calibrated_failure_predictive_morphology_v5_minus_constraint_aware_mpc,coverage,0.3104166666666667,0.10968562680859813,0.20073103985806856,0.4201022934752648,10
low_signal_morphology_stress,0.05,cost_calibrated_failure_predictive_morphology_v5_minus_constraint_aware_mpc,accepted_success,-0.03344715550926105,0.06692328284486149,-0.10037043835412254,0.03347612733560044,10
low_signal_morphology_stress,0.05,cost_calibrated_failure_predictive_morphology_v5_minus_constraint_aware_mpc,accepted_safety_violation,0.03532500148825755,0.02868393318781872,0.0066410683004388266,0.06400893467607627,10
low_signal_morphology_stress,0.05,cost_calibrated_failure_predictive_morphology_v5_minus_constraint_aware_mpc,accepted_regret,-0.03258587462400426,0.021885652859593537,-0.05447152748359779,-0.010700221764410722,10
low_signal_morphology_stress,0.05,cost_calibrated_failure_predictive_morphology_v5_minus_constraint_aware_mpc,accepted_utility,-0.052624252111501055,0.0886857661688475,-0.14131001828034856,0.03606151405734645,10
low_signal_morphology_stress,0.05,cost_calibrated_failure_predictive_morphology_v5_minus_constraint_aware_mpc,accepted_cost,-0.004820191632080483,0.001367325540009387,-0.00618751717208987,-0.003452866092071096,10
low_signal_morphology_stress,0.05,cost_calibrated_failure_predictive_morphology_v5_minus_risk_aware_intervention_policy,coverage,0.04513888888888888,0.15732466234737655,-0.11218577345848767,0.20246355123626542,10
low_signal_morphology_stress,0.05,cost_calibrated_failure_predictive_morphology_v5_minus_risk_aware_intervention_policy,accepted_success,0.05983146913366109,0.154049683214959,-0.09421821408129791,0.21388115234862007,10
low_signal_morphology_stress,0.05,cost_calibrated_failure_predictive_morphology_v5_minus_risk_aware_intervention_policy,accepted_safety_violation,0.03532500148825755,0.02868393318781872,0.0066410683004388266,0.06400893467607627,10
low_signal_morphology_stress,0.05,cost_calibrated_failure_predictive_morphology_v5_minus_risk_aware_intervention_policy,accepted_regret,-0.06116486556282283,0.023581746222536358,-0.0847466117853592,-0.03758311934028647,10
low_signal_morphology_stress,0.05,cost_calibrated_failure_predictive_morphology_v5_minus_risk_aware_intervention_policy,accepted_utility,0.0745019916012472,0.1679007639854771,-0.0933987723842299,0.2424027555867243,10
low_signal_morphology_stress,0.05,cost_calibrated_failure_predictive_morphology_v5_minus_risk_aware_intervention_policy,accepted_cost,-0.00818505738856352,0.0073487601112186525,-0.015533817499782172,-0.0008362972773448682,10
low_signal_morphology_stress,0.10,cost_calibrated_failure_predictive_morphology_v5_minus_online_system_identification,coverage,0.13229166666666667,0.14251803974868088,-0.010226373082014212,0.2748097064153475,10
low_signal_morphology_stress,0.10,cost_calibrated_failure_predictive_morphology_v5_minus_online_system_identification,accepted_success,-0.03189978003828413,0.10129418411641117,-0.1331939641546953,0.06939440407812704,10
low_signal_morphology_stress,0.10,cost_calibrated_failure_predictive_morphology_v5_minus_online_system_identification,accepted_safety_violation,0.04939520794950798,0.06627826076462297,-0.016883052815114985,0.11567346871413095,10
low_signal_morphology_stress,0.10,cost_calibrated_failure_predictive_morphology_v5_minus_online_system_identification,accepted_regret,0.015166327293921155,0.01730622884617276,-0.002139901552251605,0.032472556140093915,10
low_signal_morphology_stress,0.10,cost_calibrated_failure_predictive_morphology_v5_minus_online_system_identification,accepted_utility,-0.10240955083163036,0.14150881982933955,-0.2439183706609699,0.039099268997709186,10
low_signal_morphology_stress,0.10,cost_calibrated_failure_predictive_morphology_v5_minus_online_system_identification,accepted_cost,-0.010636388268500342,0.006915316813810267,-0.01755170508231061,-0.003721071454690075,10
low_signal_morphology_stress,0.10,cost_calibrated_failure_predictive_morphology_v5_minus_meta_adaptive_mpc,coverage,0.1597222222222222,0.12236970093586508,0.03735252128635713,0.2820919231580873,10
low_signal_morphology_stress,0.10,cost_calibrated_failure_predictive_morphology_v5_minus_meta_adaptive_mpc,accepted_success,-0.008820974625615818,0.09798236399526007,-0.10680333862087589,0.08916138936964425,10
low_signal_morphology_stress,0.10,cost_calibrated_failure_predictive_morphology_v5_minus_meta_adaptive_mpc,accepted_safety_violation,0.029304885432254166,0.08623947498186812,-0.05693458954961396,0.11554436041412229,10
low_signal_morphology_stress,0.10,cost_calibrated_failure_predictive_morphology_v5_minus_meta_adaptive_mpc,accepted_regret,-0.006837312412994246,0.023759182396121962,-0.030596494809116206,0.016921869983127717,10
low_signal_morphology_stress,0.10,cost_calibrated_failure_predictive_morphology_v5_minus_meta_adaptive_mpc,accepted_utility,-0.04142337129416587,0.19752022762097549,-0.23894359891514136,0.1560968563268096,10
low_signal_morphology_stress,0.10,cost_calibrated_failure_predictive_morphology_v5_minus_meta_adaptive_mpc,accepted_cost,-0.006486766297609331,0.008559295019732916,-0.015046061317342247,0.0020725287221235855,10
low_signal_morphology_stress,0.10,cost_calibrated_failure_predictive_morphology_v5_minus_conformal_risk_shield,coverage,0.0545138888888889,0.15696131922008685,-0.10244743033119795,0.21147520810897574,10
low_signal_morphology_stress,0.10,cost_calibrated_failure_predictive_morphology_v5_minus_conformal_risk_shield,accepted_success,-0.004621327592855606,0.10985959012657918,-0.11448091771943479,0.10523826253372358,10
low_signal_morphology_stress,0.10,cost_calibrated_failure_predictive_morphology_v5_minus_conformal_risk_shield,accepted_safety_violation,0.06516752735969808,0.056953580597275566,0.008213946762422514,0.12212110795697365,10
low_signal_morphology_stress,0.10,cost_calibrated_failure_predictive_morphology_v5_minus_conformal_risk_shield,accepted_regret,-0.09193900009110748,0.017321549502776944,-0.10926054959388443,-0.07461745058833053,10
low_signal_morphology_stress,0.10,cost_calibrated_failure_predictive_morphology_v5_minus_conformal_risk_shield,accepted_utility,-0.0009442048892706334,0.1658451614219436,-0.16678936631121424,0.16490095653267298,10
low_signal_morphology_stress,0.10,cost_calibrated_failure_predictive_morphology_v5_minus_conformal_risk_shield,accepted_cost,-0.009693836659986967,0.01235254558955741,-0.022046382249544375,0.0026587089295704424,10
low_signal_morphology_stress,0.10,cost_calibrated_failure_predictive_morphology_v5_minus_constraint_aware_mpc,coverage,0.2899305555555555,0.16973991801477098,0.12019063754078455,0.45967047357032653,10
low_signal_morphology_stress,0.10,cost_calibrated_failure_predictive_morphology_v5_minus_constraint_aware_mpc,accepted_success,-0.014748887748424599,0.14038831550990383,-0.15513720325832842,0.12563942776147924,10
low_signal_morphology_stress,0.10,cost_calibrated_failure_predictive_morphology_v5_minus_constraint_aware_mpc,accepted_safety_violation,0.02458330704276171,0.06575827670022963,-0.04117496965746792,0.09034158374299134,10
low_signal_morphology_stress,0.10,cost_calibrated_failure_predictive_morphology_v5_minus_constraint_aware_mpc,accepted_regret,-0.027157814169055522,0.023370663349175737,-0.05052847751823126,-0.003787150819879785,10
low_signal_morphology_stress,0.10,cost_calibrated_failure_predictive_morphology_v5_minus_constraint_aware_mpc,accepted_utility,-0.025206870754299903,0.189844620299588,-0.2150514910538879,0.16463774954528812,10
low_signal_morphology_stress,0.10,cost_calibrated_failure_predictive_morphology_v5_minus_constraint_aware_mpc,accepted_cost,-0.010971480266737442,0.004867543373758432,-0.015839023640495872,-0.006103936892979009,10
low_signal_morphology_stress,0.10,cost_calibrated_failure_predictive_morphology_v5_minus_risk_aware_intervention_policy,coverage,-0.06840277777777778,0.1851201460440351,-0.25352292382181285,0.11671736826625731,10
low_signal_morphology_stress,0.10,cost_calibrated_failure_predictive_morphology_v5_minus_risk_aware_intervention_policy,accepted_success,0.045785367380801405,0.12574364834602492,-0.0799582809652235,0.17152901572682633,10
low_signal_morphology_stress,0.10,cost_calibrated_failure_predictive_morphology_v5_minus_risk_aware_intervention_policy,accepted_safety_violation,0.058615957102544074,0.06121188299773953,-0.0025959258951954584,0.1198278401002836,10
low_signal_morphology_stress,0.10,cost_calibrated_failure_predictive_morphology_v5_minus_risk_aware_intervention_policy,accepted_regret,-0.060317118490019576,0.031062818449033504,-0.09137993693905308,-0.029254300040986073,10
low_signal_morphology_stress,0.10,cost_calibrated_failure_predictive_morphology_v5_minus_risk_aware_intervention_policy,accepted_utility,0.07113600509766398,0.20555193854276663,-0.13441593344510266,0.2766879436404306,10
low_signal_morphology_stress,0.10,cost_calibrated_failure_predictive_morphology_v5_minus_risk_aware_intervention_policy,accepted_cost,-0.00707699732004022,0.01227424899186382,-0.01935124631190404,0.0051972516718236,10
low_signal_morphology_stress,0.15,cost_calibrated_failure_predictive_morphology_v5_minus_online_system_identification,coverage,0.1277777777777778,0.12796455384389224,-0.00018677606611444686,0.25574233162167004,10
low_signal_morphology_stress,0.15,cost_calibrated_failure_predictive_morphology_v5_minus_online_system_identification,accepted_success,-0.08177677842667862,0.09410840536592398,-0.1758851837926026,0.01233162693924536,10
low_signal_morphology_stress,0.15,cost_calibrated_failure_predictive_morphology_v5_minus_online_system_identification,accepted_safety_violation,0.04438845310238073,0.07672092631624582,-0.032332473213865086,0.12110937941862654,10
low_signal_morphology_stress,0.15,cost_calibrated_failure_predictive_morphology_v5_minus_online_system_identification,accepted_regret,0.019256491549088997,0.017206631434198347,0.0020498601148906496,0.03646312298328734,10
low_signal_morphology_stress,0.15,cost_calibrated_failure_predictive_morphology_v5_minus_online_system_identification,accepted_utility,-0.1518166138566019,0.1697651497842119,-0.3215817636408138,0.017948535927610004,10
low_signal_morphology_stress,0.15,cost_calibrated_failure_predictive_morphology_v5_minus_online_system_identification,accepted_cost,-0.007379625488758113,0.009211985582815125,-0.01659161107157324,0.001832360094057012,10
low_signal_morphology_stress,0.15,cost_calibrated_failure_predictive_morphology_v5_minus_meta_adaptive_mpc,coverage,0.10555555555555557,0.09185231201348293,0.01370324354207264,0.1974078675690385,10
low_signal_morphology_stress,0.15,cost_calibrated_failure_predictive_morphology_v5_minus_meta_adaptive_mpc,accepted_success,-0.06917797355256741,0.12502832469156722,-0.19420629824413463,0.055850351138999804,10
low_signal_morphology_stress,0.15,cost_calibrated_failure_predictive_morphology_v5_minus_meta_adaptive_mpc,accepted_safety_violation,0.02336569444381859,0.06040889052998857,-0.037043196086169974,0.08377458497380716,10
low_signal_morphology_stress,0.15,cost_calibrated_failure_predictive_morphology_v5_minus_meta_adaptive_mpc,accepted_regret,-0.007131170960627956,0.020725368004628014,-0.02785653896525597,0.01359419704400006,10
low_signal_morphology_stress,0.15,cost_calibrated_failure_predictive_morphology_v5_minus_meta_adaptive_mpc,accepted_utility,-0.09350226593632753,0.17499511049211097,-0.2684973764284385,0.08149284455578344,10
low_signal_morphology_stress,0.15,cost_calibrated_failure_predictive_morphology_v5_minus_meta_adaptive_mpc,accepted_cost,-0.00312704633613444,0.011847506328732006,-0.014974552664866445,0.008720459992597566,10
low_signal_morphology_stress,0.15,cost_calibrated_failure_predictive_morphology_v5_minus_conformal_risk_shield,coverage,0.0357638888888889,0.12561141628885453,-0.08984752739996563,0.16137530517774343,10
low_signal_morphology_stress,0.15,cost_calibrated_failure_predictive_morphology_v5_minus_conformal_risk_shield,accepted_success,0.16902948816834903,0.09790751167293185,0.07112197649541718,0.2669369998412809,10
low_signal_morphology_stress,0.15,cost_calibrated_failure_predictive_morphology_v5_minus_conformal_risk_shield,accepted_safety_violation,0.06738986749566712,0.06165245832328039,0.005737409172386736,0.1290423258189475,10
low_signal_morphology_stress,0.15,cost_calibrated_failure_predictive_morphology_v5_minus_conformal_risk_shield,accepted_regret,-0.11096272428939884,0.02555837568337664,-0.13652109997277548,-0.0854043486060222,10
low_signal_morphology_stress,0.15,cost_calibrated_failure_predictive_morphology_v5_minus_conformal_risk_shield,accepted_utility,0.3464498995438217,0.17662797392229873,0.16982192562152298,0.5230778734661204,10
low_signal_morphology_stress,0.15,cost_calibrated_failure_predictive_morphology_v5_minus_conformal_risk_shield,accepted_cost,-0.017291977243800966,0.009558799556997517,-0.026850776800798483,-0.007733177686803448,10
low_signal_morphology_stress,0.15,cost_calibrated_failure_predictive_morphology_v5_minus_constraint_aware_mpc,coverage,0.18819444444444444,0.14651468814039742,0.04167975630404702,0.33470913258484186,10
low_signal_morphology_stress,0.15,cost_calibrated_failure_predictive_morphology_v5_minus_constraint_aware_mpc,accepted_success,-0.06851112520211913,0.14283143174170873,-0.21134255694382786,0.0743203065395896,10
low_signal_morphology_stress,0.15,cost_calibrated_failure_predictive_morphology_v5_minus_constraint_aware_mpc,accepted_safety_violation,0.03158339037646359,0.06755887468961688,-0.03597548431315329,0.09914226506608048,10
low_signal_morphology_stress,0.15,cost_calibrated_failure_predictive_morphology_v5_minus_constraint_aware_mpc,accepted_regret,-0.020426582519175125,0.01895801521988718,-0.039384597739062305,-0.0014685672992879456,10
low_signal_morphology_stress,0.15,cost_calibrated_failure_predictive_morphology_v5_minus_constraint_aware_mpc,accepted_utility,-0.11076509903269313,0.17651877071473013,-0.28728386974742326,0.065753671682037,10
low_signal_morphology_stress,0.15,cost_calibrated_failure_predictive_morphology_v5_minus_constraint_aware_mpc,accepted_cost,-0.004828702178500445,0.008011270448136033,-0.012839972626636477,0.0031825682696355875,10
low_signal_morphology_stress,0.15,cost_calibrated_failure_predictive_morphology_v5_minus_risk_aware_intervention_policy,coverage,-0.06249999999999999,0.13697794959871773,-0.19947794959871773,0.07447794959871773,10
low_signal_morphology_stress,0.15,cost_calibrated_failure_predictive_morphology_v5_minus_risk_aware_intervention_policy,accepted_success,0.14966084921025694,0.1540606848002026,-0.0043998355899456665,0.30372153401045954,10
low_signal_morphology_stress,0.15,cost_calibrated_failure_predictive_morphology_v5_minus_risk_aware_intervention_policy,accepted_safety_violation,0.05543126729979483,0.06248683118961421,-0.007055563889819386,0.11791809848940904,10
low_signal_morphology_stress,0.15,cost_calibrated_failure_predictive_morphology_v5_minus_risk_aware_intervention_policy,accepted_regret,-0.06893030919829883,0.030427466820656973,-0.0993577760189558,-0.03850284237764186,10
low_signal_morphology_stress,0.15,cost_calibrated_failure_predictive_morphology_v5_minus_risk_aware_intervention_policy,accepted_utility,0.26761543319429826,0.2249718207527764,0.042643612441521844,0.4925872539470747,10
low_signal_morphology_stress,0.15,cost_calibrated_failure_predictive_morphology_v5_minus_risk_aware_intervention_policy,accepted_cost,-0.007786067868547017,0.012228263047398612,-0.02001433091594563,0.004442195178851595,10
combined_failure_stress,0.00,cost_calibrated_failure_predictive_morphology_v5_minus_online_system_identification,coverage,0.14166666666666666,0.07037381753252774,0.07129284913413893,0.2120404841991944,10
combined_failure_stress,0.00,cost_calibrated_failure_predictive_morphology_v5_minus_online_system_identification,accepted_success,0.0,0.0,0.0,0.0,10
combined_failure_stress,0.00,cost_calibrated_failure_predictive_morphology_v5_minus_online_system_identification,accepted_safety_violation,0.015178571428571427,0.029749999999999995,-0.014571428571428569,0.04492857142857142,10
combined_failure_stress,0.00,cost_calibrated_failure_predictive_morphology_v5_minus_online_system_identification,accepted_regret,0.022820121790203055,0.0091453991417067,0.013674722648496354,0.031965520931909755,10
combined_failure_stress,0.00,cost_calibrated_failure_predictive_morphology_v5_minus_online_system_identification,accepted_utility,-0.030985073011073637,0.041029474302798664,-0.0720145473138723,0.010044401291725027,10
combined_failure_stress,0.00,cost_calibrated_failure_predictive_morphology_v5_minus_online_system_identification,accepted_cost,-0.008805176671090448,0.0010173012106001824,-0.009822477881690632,-0.007787875460490266,10
combined_failure_stress,0.00,cost_calibrated_failure_predictive_morphology_v5_minus_meta_adaptive_mpc,coverage,0.1545138888888889,0.05213892609199063,0.10237496279689826,0.20665281498087953,10
combined_failure_stress,0.00,cost_calibrated_failure_predictive_morphology_v5_minus_meta_adaptive_mpc,accepted_success,0.1,0.19599999999999998,-0.09599999999999997,0.296,10
combined_failure_stress,0.00,cost_calibrated_failure_predictive_morphology_v5_minus_meta_adaptive_mpc,accepted_safety_violation,-0.07410714285714286,0.18074016417068026,-0.2548473070278231,0.1066330213135374,10
combined_failure_stress,0.00,cost_calibrated_failure_predictive_morphology_v5_minus_meta_adaptive_mpc,accepted_regret,0.0002495028182672342,0.024786382611782273,-0.02453687979351504,0.025035885430049507,10
combined_failure_stress,0.00,cost_calibrated_failure_predictive_morphology_v5_minus_meta_adaptive_mpc,accepted_utility,0.19337709394270702,0.2903707320425108,-0.09699363809980377,0.4837478259852178,10
combined_failure_stress,0.00,cost_calibrated_failure_predictive_morphology_v5_minus_meta_adaptive_mpc,accepted_cost,-0.002039559130195848,0.011317188141848374,-0.013356747272044223,0.009277629011652525,10
combined_failure_stress,0.00,cost_calibrated_failure_predictive_morphology_v5_minus_conformal_risk_shield,coverage,0.21770833333333334,0.059147460548485964,0.15856087278484737,0.2768557938818193,10
combined_failure_stress,0.00,cost_calibrated_failure_predictive_morphology_v5_minus_conformal_risk_shield,accepted_success,0.8,0.2613333333333333,0.5386666666666667,1.0613333333333332,10
combined_failure_stress,0.00,cost_calibrated_failure_predictive_morphology_v5_minus_conformal_risk_shield,accepted_safety_violation,0.015178571428571427,0.029749999999999995,-0.014571428571428569,0.04492857142857142,10
combined_failure_stress,0.00,cost_calibrated_failure_predictive_morphology_v5_minus_conformal_risk_shield,accepted_regret,0.011602335283970939,0.02751879043430762,-0.01591645515033668,0.039121125718278554,10
combined_failure_stress,0.00,cost_calibrated_failure_predictive_morphology_v5_minus_conformal_risk_shield,accepted_utility,0.7563944164180209,0.26113003402564566,0.4952643823923752,1.0175244504436665,10
combined_failure_stress,0.00,cost_calibrated_failure_predictive_morphology_v5_minus_conformal_risk_shield,accepted_cost,0.03669051131380297,0.017700770456735924,0.018989740857067047,0.054391281770538896,10
combined_failure_stress,0.00,cost_calibrated_failure_predictive_morphology_v5_minus_constraint_aware_mpc,coverage,0.2263888888888889,0.0687312444799602,0.1576576444089287,0.29512013336884907,10
combined_failure_stress,0.00,cost_calibrated_failure_predictive_morphology_v5_minus_constraint_aware_mpc,accepted_success,0.8,0.2613333333333333,0.5386666666666667,1.0613333333333332,10
combined_failure_stress,0.00,cost_calibrated_failure_predictive_morphology_v5_minus_constraint_aware_mpc,accepted_safety_violation,0.015178571428571427,0.029749999999999995,-0.014571428571428569,0.04492857142857142,10
combined_failure_stress,0.00,cost_calibrated_failure_predictive_morphology_v5_minus_constraint_aware_mpc,accepted_regret,0.025362995628798526,0.011063445787583065,0.014299549841215462,0.03642644141638159,10
combined_failure_stress,0.00,cost_calibrated_failure_predictive_morphology_v5_minus_constraint_aware_mpc,accepted_utility,0.7455368882571013,0.24525482612131938,0.500282062135782,0.9907917143784206,10
combined_failure_stress,0.00,cost_calibrated_failure_predictive_morphology_v5_minus_constraint_aware_mpc,accepted_cost,0.03941282510690642,0.014315902446175527,0.025096922660730894,0.053728727553081945,10
combined_failure_stress,0.00,cost_calibrated_failure_predictive_morphology_v5_minus_risk_aware_intervention_policy,coverage,0.11041666666666666,0.12334066822811313,-0.012924001561446463,0.2337573348947798,10
combined_failure_stress,0.00,cost_calibrated_failure_predictive_morphology_v5_minus_risk_aware_intervention_policy,accepted_success,0.2,0.2613333333333333,-0.061333333333333295,0.4613333333333333,10
combined_failure_stress,0.00,cost_calibrated_failure_predictive_morphology_v5_minus_risk_aware_intervention_policy,accepted_safety_violation,0.015178571428571427,0.029749999999999995,-0.014571428571428569,0.04492857142857142,10
combined_failure_stress,0.00,cost_calibrated_failure_predictive_morphology_v5_minus_risk_aware_intervention_policy,accepted_regret,-0.02144985177694512,0.02265685332949636,-0.04410670510644148,0.00120700155255124,10
combined_failure_stress,0.00,cost_calibrated_failure_predictive_morphology_v5_minus_risk_aware_intervention_policy,accepted_utility,0.19621911062260786,0.25044544132174806,-0.05422633069914021,0.44666455194435595,10
combined_failure_stress,0.00,cost_calibrated_failure_predictive_morphology_v5_minus_risk_aware_intervention_policy,accepted_cost,-0.0003942758747260973,0.01642180418866624,-0.016816080063392337,0.016027528313940144,10
combined_failure_stress,0.05,cost_calibrated_failure_predictive_morphology_v5_minus_online_system_identification,coverage,0.11215277777777777,0.11775796378944721,-0.005605186011669441,0.22991074156722496,10
combined_failure_stress,0.05,cost_calibrated_failure_predictive_morphology_v5_minus_online_system_identification,accepted_success,0.04063377920886461,0.19097458311373325,-0.15034080390486865,0.23160836232259785,10
combined_failure_stress,0.05,cost_calibrated_failure_predictive_morphology_v5_minus_online_system_identification,accepted_safety_violation,0.006497353991975235,0.0512051232206915,-0.04470776922871626,0.05770247721266673,10
combined_failure_stress,0.05,cost_calibrated_failure_predictive_morphology_v5_minus_online_system_identification,accepted_regret,0.013387009999590332,0.0212057214981036,-0.007818711498513268,0.03459273149769393,10
combined_failure_stress,0.05,cost_calibrated_failure_predictive_morphology_v5_minus_online_system_identification,accepted_utility,0.027702330621131376,0.21602894074029216,-0.1883266101191608,0.24373127136142353,10
combined_failure_stress,0.05,cost_calibrated_failure_predictive_morphology_v5_minus_online_system_identification,accepted_cost,-0.01013593739354204,0.0005146342871886323,-0.010650571680730673,-0.009621303106353408,10
combined_failure_stress,0.05,cost_calibrated_failure_predictive_morphology_v5_minus_meta_adaptive_mpc,coverage,0.1798611111111111,0.07539403464156569,0.10446707646954542,0.2552551457526768,10
combined_failure_stress,0.05,cost_calibrated_failure_predictive_morphology_v5_minus_meta_adaptive_mpc,accepted_success,0.04002545539049376,0.08609873579976342,-0.04607328040926966,0.12612419119025717,10
combined_failure_stress,0.05,cost_calibrated_failure_predictive_morphology_v5_minus_meta_adaptive_mpc,accepted_safety_violation,-0.04516931267469143,0.1568954862795504,-0.20206479895424184,0.11172617360485898,10
combined_failure_stress,0.05,cost_calibrated_failure_predictive_morphology_v5_minus_meta_adaptive_mpc,accepted_regret,-0.010063133834714778,0.025107458742456387,-0.035170592577171166,0.015044324907741609,10
combined_failure_stress,0.05,cost_calibrated_failure_predictive_morphology_v5_minus_meta_adaptive_mpc,accepted_utility,0.1071920076426793,0.22669185379476878,-0.11949984615208947,0.3338838614374481,10
combined_failure_stress,0.05,cost_calibrated_failure_predictive_morphology_v5_minus_meta_adaptive_mpc,accepted_cost,-0.008134934949563773,0.000646031738867905,-0.008780966688431677,-0.007488903210695868,10
combined_failure_stress,0.05,cost_calibrated_failure_predictive_morphology_v5_minus_conformal_risk_shield,coverage,0.22256944444444446,0.07980189014649564,0.14276755429794882,0.3023713345909401,10
combined_failure_stress,0.05,cost_calibrated_failure_predictive_morphology_v5_minus_conformal_risk_shield,accepted_success,-0.031842612208402454,0.05885778363853269,-0.09070039584693515,0.027015171430130235,10
combined_failure_stress,0.05,cost_calibrated_failure_predictive_morphology_v5_minus_conformal_risk_shield,accepted_safety_violation,0.029830687325308566,0.0331245247676326,-0.0032938374423240324,0.06295521209294117,10
combined_failure_stress,0.05,cost_calibrated_failure_predictive_morphology_v5_minus_conformal_risk_shield,accepted_regret,-0.09493735065839731,0.015298466447129294,-0.1102358171055266,-0.07963888421126802,10
combined_failure_stress,0.05,cost_calibrated_failure_predictive_morphology_v5_minus_conformal_risk_shield,accepted_utility,0.004860836889662179,0.08593287038346191,-0.08107203349379973,0.0907937072731241,10
combined_failure_stress,0.05,cost_calibrated_failure_predictive_morphology_v5_minus_conformal_risk_shield,accepted_cost,-0.01674594774151722,0.0022945947287659227,-0.019040542470283143,-0.014451353012751297,10
combined_failure_stress,0.05,cost_calibrated_failure_predictive_morphology_v5_minus_constraint_aware_mpc,coverage,0.3111111111111111,0.09440526420420112,0.21670584690691,0.40551637531531226,10
combined_failure_stress,0.05,cost_calibrated_failure_predictive_morphology_v5_minus_constraint_aware_mpc,accepted_success,0.1396697765865391,0.28205986142387174,-0.14239008483733265,0.42172963801041086,10
combined_failure_stress,0.05,cost_calibrated_failure_predictive_morphology_v5_minus_constraint_aware_mpc,accepted_safety_violation,0.029830687325308566,0.0331245247676326,-0.0032938374423240324,0.06295521209294117,10
combined_failure_stress,0.05,cost_calibrated_failure_predictive_morphology_v5_minus_constraint_aware_mpc,accepted_regret,-0.011960550788268631,0.016742282654493623,-0.028702833442762254,0.004781731866224992,10
combined_failure_stress,0.05,cost_calibrated_failure_predictive_morphology_v5_minus_constraint_aware_mpc,accepted_utility,0.10740297285781128,0.28347216430381034,-0.17606919144599906,0.3908751371616216,10
combined_failure_stress,0.05,cost_calibrated_failure_predictive_morphology_v5_minus_constraint_aware_mpc,accepted_cost,0.007446308520799041,0.014259393230373315,-0.006813084709574274,0.021705701751172354,10
combined_failure_stress,0.05,cost_calibrated_failure_predictive_morphology_v5_minus_risk_aware_intervention_policy,coverage,0.10694444444444444,0.16263806496296343,-0.05569362051851899,0.26958250940740786,10
combined_failure_stress,0.05,cost_calibrated_failure_predictive_morphology_v5_minus_risk_aware_intervention_policy,accepted_success,0.08178230020167748,0.15795075122367816,-0.07616845102200068,0.23973305142535564,10
combined_failure_stress,0.05,cost_calibrated_failure_predictive_morphology_v5_minus_risk_aware_intervention_policy,accepted_safety_violation,0.029830687325308566,0.0331245247676326,-0.0032938374423240324,0.06295521209294117,10
combined_failure_stress,0.05,cost_calibrated_failure_predictive_morphology_v5_minus_risk_aware_intervention_policy,accepted_regret,-0.05930260952379718,0.018260925429238135,-0.0775635349530353,-0.04104168409455904,10
combined_failure_stress,0.05,cost_calibrated_failure_predictive_morphology_v5_minus_risk_aware_intervention_policy,accepted_utility,0.09778864237769799,0.17462961814871955,-0.07684097577102156,0.27241826052641754,10
combined_failure_stress,0.05,cost_calibrated_failure_predictive_morphology_v5_minus_risk_aware_intervention_policy,accepted_cost,-0.01217855310747119,0.0015411312478133545,-0.013719684355284544,-0.010637421859657836,10
combined_failure_stress,0.10,cost_calibrated_failure_predictive_morphology_v5_minus_online_system_identification,coverage,0.11076388888888891,0.15597594958608146,-0.04521206069719255,0.2667398384749704,10
combined_failure_stress,0.10,cost_calibrated_failure_predictive_morphology_v5_minus_online_system_identification,accepted_success,-0.04290226233875014,0.17331745008510813,-0.21621971242385826,0.130415187746358,10
combined_failure_stress,0.10,cost_calibrated_failure_predictive_morphology_v5_minus_online_system_identification,accepted_safety_violation,0.05285959518915965,0.07899840435680174,-0.026138809167642087,0.1318579995459614,10
combined_failure_stress,0.10,cost_calibrated_failure_predictive_morphology_v5_minus_online_system_identification,accepted_regret,0.01975870815959296,0.023774225741357558,-0.004015517581764598,0.04353293390095052,10
combined_failure_stress,0.10,cost_calibrated_failure_predictive_morphology_v5_minus_online_system_identification,accepted_utility,-0.11768312329556818,0.22213111255544438,-0.33981423585101256,0.1044479892598762,10
combined_failure_stress,0.10,cost_calibrated_failure_predictive_morphology_v5_minus_online_system_identification,accepted_cost,-0.012264077842065894,0.0035803235283082277,-0.01584440137037412,-0.008683754313757668,10
combined_failure_stress,0.10,cost_calibrated_failure_predictive_morphology_v5_minus_meta_adaptive_mpc,coverage,0.17465277777777777,0.13289356335519573,0.04175921442258204,0.3075463411329735,10
combined_failure_stress,0.10,cost_calibrated_failure_predictive_morphology_v5_minus_meta_adaptive_mpc,accepted_success,-0.027123526150570287,0.10692691580203513,-0.1340504419526054,0.07980338965146484,10
combined_failure_stress,0.10,cost_calibrated_failure_predictive_morphology_v5_minus_meta_adaptive_mpc,accepted_safety_violation,0.04338367383494668,0.0953881635332422,-0.05200448969829552,0.13877183736818888,10
combined_failure_stress,0.10,cost_calibrated_failure_predictive_morphology_v5_minus_meta_adaptive_mpc,accepted_regret,-0.00032041614767048046,0.026535049275952103,-0.026855465423622583,0.026214633128281623,10
combined_failure_stress,0.10,cost_calibrated_failure_predictive_morphology_v5_minus_meta_adaptive_mpc,accepted_utility,-0.07720649362006698,0.20865314088020143,-0.2858596345002684,0.13144664726013444,10
combined_failure_stress,0.10,cost_calibrated_failure_predictive_morphology_v5_minus_meta_adaptive_mpc,accepted_cost,-0.00959204904799051,0.004364748100847233,-0.013956797148837742,-0.005227300947143276,10
combined_failure_stress,0.10,cost_calibrated_failure_predictive_morphology_v5_minus_conformal_risk_shield,coverage,0.09791666666666667,0.13022877049488357,-0.032312103828216907,0.22814543716155022,10
combined_failure_stress,0.10,cost_calibrated_failure_predictive_morphology_v5_minus_conformal_risk_shield,accepted_success,-0.06689618238972347,0.13597917455769323,-0.2028753569474167,0.06908299216796976,10
combined_failure_stress,0.10,cost_calibrated_failure_predictive_morphology_v5_minus_conformal_risk_shield,accepted_safety_violation,0.08120967774908677,0.05621317015564009,0.024996507593446682,0.13742284790472686,10
combined_failure_stress,0.10,cost_calibrated_failure_predictive_morphology_v5_minus_conformal_risk_shield,accepted_regret,-0.09867498524177279,0.018121481925463978,-0.11679646716723677,-0.08055350331630881,10
combined_failure_stress,0.10,cost_calibrated_failure_predictive_morphology_v5_minus_conformal_risk_shield,accepted_utility,-0.09351842831231533,0.19173232779694993,-0.28525075610926526,0.0982138994846346,10
combined_failure_stress,0.10,cost_calibrated_failure_predictive_morphology_v5_minus_conformal_risk_shield,accepted_cost,-0.009216252045447633,0.01062812590176567,-0.019844377947213304,0.0014118738563180366,10
combined_failure_stress,0.10,cost_calibrated_failure_predictive_morphology_v5_minus_constraint_aware_mpc,coverage,0.3041666666666667,0.14329856382763131,0.16086810283903538,0.447465230494298,10
combined_failure_stress,0.10,cost_calibrated_failure_predictive_morphology_v5_minus_constraint_aware_mpc,accepted_success,-0.0773895345154558,0.14487115443207155,-0.22226068894752735,0.06748161991661575,10
combined_failure_stress,0.10,cost_calibrated_failure_predictive_morphology_v5_minus_constraint_aware_mpc,accepted_safety_violation,0.03329113926451055,0.10260719943167447,-0.06931606016716392,0.135898338696185,10
combined_failure_stress,0.10,cost_calibrated_failure_predictive_morphology_v5_minus_constraint_aware_mpc,accepted_regret,-0.03306929411937924,0.03305225393090941,-0.06612154805028865,-1.7040188469832906e-05,10
combined_failure_stress,0.10,cost_calibrated_failure_predictive_morphology_v5_minus_constraint_aware_mpc,accepted_utility,-0.09277974081553969,0.237321549560369,-0.3301012903759087,0.1445418087448293,10
combined_failure_stress,0.10,cost_calibrated_failure_predictive_morphology_v5_minus_constraint_aware_mpc,accepted_cost,-0.0077095653700161035,0.002633147919232257,-0.010342713289248361,-0.005076417450783847,10
combined_failure_stress,0.10,cost_calibrated_failure_predictive_morphology_v5_minus_risk_aware_intervention_policy,coverage,-0.02638888888888889,0.17498264317218043,-0.2013715320610693,0.14859375428329155,10
combined_failure_stress,0.10,cost_calibrated_failure_predictive_morphology_v5_minus_risk_aware_intervention_policy,accepted_success,0.020413444894570316,0.12890559138098623,-0.10849214648641592,0.14931903627555654,10
combined_failure_stress,0.10,cost_calibrated_failure_predictive_morphology_v5_minus_risk_aware_intervention_policy,accepted_safety_violation,0.07663451435039396,0.05942914699631225,0.017205367354081715,0.13606366134670622,10
combined_failure_stress,0.10,cost_calibrated_failure_predictive_morphology_v5_minus_risk_aware_intervention_policy,accepted_regret,-0.06782378180352688,0.030618148360518533,-0.09844193016404541,-0.037205633443008354,10
combined_failure_stress,0.10,cost_calibrated_failure_predictive_morphology_v5_minus_risk_aware_intervention_policy,accepted_utility,0.016431034380703542,0.19341018416712666,-0.17697914978642312,0.2098412185478302,10
combined_failure_stress,0.10,cost_calibrated_failure_predictive_morphology_v5_minus_risk_aware_intervention_policy,accepted_cost,-0.005493726901854853,0.009648349579555873,-0.015142076481410725,0.00415462267770102,10
combined_failure_stress,0.15,cost_calibrated_failure_predictive_morphology_v5_minus_online_system_identification,coverage,0.12395833333333334,0.1390179910006075,-0.015059657667274157,0.2629763243339408,10
combined_failure_stress,0.15,cost_calibrated_failure_predictive_morphology_v5_minus_online_system_identification,accepted_success,-0.06810568276422765,0.12494938064045076,-0.19305506340467843,0.05684369787622311,10
combined_failure_stress,0.15,cost_calibrated_failure_predictive_morphology_v5_minus_online_system_identification,accepted_safety_violation,0.04098427166302217,0.1002817776169432,-0.059297505953921026,0.14126604927996536,10
combined_failure_stress,0.15,cost_calibrated_failure_predictive_morphology_v5_minus_online_system_identification,accepted_regret,0.024182504203498913,0.018630389692375755,0.005552114511123158,0.04281289389587467,10
combined_failure_stress,0.15,cost_calibrated_failure_predictive_morphology_v5_minus_online_system_identification,accepted_utility,-0.15009761813847203,0.22899050381053326,-0.3790881219490053,0.07889288567206124,10
combined_failure_stress,0.15,cost_calibrated_failure_predictive_morphology_v5_minus_online_system_identification,accepted_cost,-0.01147112650082771,0.008720555840466963,-0.020191682341294676,-0.0027505706603607478,10
combined_failure_stress,0.15,cost_calibrated_failure_predictive_morphology_v5_minus_meta_adaptive_mpc,coverage,0.14652777777777778,0.12715365018141694,0.01937412759636084,0.2736814279591947,10
combined_failure_stress,0.15,cost_calibrated_failure_predictive_morphology_v5_minus_meta_adaptive_mpc,accepted_success,-0.06900952170917425,0.12733186929246204,-0.19634139100163628,0.05832234758328779,10
combined_failure_stress,0.15,cost_calibrated_failure_predictive_morphology_v5_minus_meta_adaptive_mpc,accepted_safety_violation,0.05505741270707852,0.08573758161895258,-0.030680168911874056,0.1407949943260311,10
combined_failure_stress,0.15,cost_calibrated_failure_predictive_morphology_v5_minus_meta_adaptive_mpc,accepted_regret,-0.0011732871257747204,0.02556228418292114,-0.02673557130869586,0.024388997057146422,10
combined_failure_stress,0.15,cost_calibrated_failure_predictive_morphology_v5_minus_meta_adaptive_mpc,accepted_utility,-0.14762390796448197,0.2232129511752086,-0.37083685913969056,0.07558904321072663,10
combined_failure_stress,0.15,cost_calibrated_failure_predictive_morphology_v5_minus_meta_adaptive_mpc,accepted_cost,-0.004430975823967323,0.011388151779918596,-0.01581912760388592,0.0069571759559512725,10
combined_failure_stress,0.15,cost_calibrated_failure_predictive_morphology_v5_minus_conformal_risk_shield,coverage,0.11145833333333331,0.13864508918571727,-0.027186755852383962,0.2501034225190506,10
combined_failure_stress,0.15,cost_calibrated_failure_predictive_morphology_v5_minus_conformal_risk_shield,accepted_success,0.06988844154676835,0.11357037428981023,-0.043681932743041885,0.18345881583657858,10
combined_failure_stress,0.15,cost_calibrated_failure_predictive_morphology_v5_minus_conformal_risk_shield,accepted_safety_violation,0.08531943223906438,0.06782155071573769,0.017497881523326694,0.15314098295480205,10
combined_failure_stress,0.15,cost_calibrated_failure_predictive_morphology_v5_minus_conformal_risk_shield,accepted_regret,-0.09607982588976785,0.023055511006838232,-0.11913533689660608,-0.07302431488292963,10
combined_failure_stress,0.15,cost_calibrated_failure_predictive_morphology_v5_minus_conformal_risk_shield,accepted_utility,0.12757155733477768,0.20033446050232057,-0.07276290316754289,0.3279060178370983,10
combined_failure_stress,0.15,cost_calibrated_failure_predictive_morphology_v5_minus_conformal_risk_shield,accepted_cost,-0.017685371945673843,0.011401641397156418,-0.02908701334283026,-0.0062837305485174254,10
combined_failure_stress,0.15,cost_calibrated_failure_predictive_morphology_v5_minus_constraint_aware_mpc,coverage,0.2520833333333333,0.1365798871958084,0.11550344613752492,0.3886632205291417,10
combined_failure_stress,0.15,cost_calibrated_failure_predictive_morphology_v5_minus_constraint_aware_mpc,accepted_success,-0.045322502144538236,0.16425409376686326,-0.2095765959114015,0.11893159162232503,10
combined_failure_stress,0.15,cost_calibrated_failure_predictive_morphology_v5_minus_constraint_aware_mpc,accepted_safety_violation,0.0025222920231346094,0.10518150450553285,-0.10265921248239823,0.10770379652866746,10
combined_failure_stress,0.15,cost_calibrated_failure_predictive_morphology_v5_minus_constraint_aware_mpc,accepted_regret,-0.026165892314959555,0.02695328172609508,-0.05311917404105464,0.0007873894111355244,10
combined_failure_stress,0.15,cost_calibrated_failure_predictive_morphology_v5_minus_constraint_aware_mpc,accepted_utility,-0.055776482213815155,0.2710061313617874,-0.32678261357560257,0.21522964914797227,10
combined_failure_stress,0.15,cost_calibrated_failure_predictive_morphology_v5_minus_constraint_aware_mpc,accepted_cost,-0.007778221320590155,0.006921283393905373,-0.014699504714495527,-0.0008569379266847822,10
combined_failure_stress,0.15,cost_calibrated_failure_predictive_morphology_v5_minus_risk_aware_intervention_policy,coverage,-0.037499999999999985,0.15912262765239069,-0.19662262765239066,0.12162262765239071,10
combined_failure_stress,0.15,cost_calibrated_failure_predictive_morphology_v5_minus_risk_aware_intervention_policy,accepted_success,0.09589040164995896,0.15419236705502803,-0.05830196540506907,0.250082768704987,10
combined_failure_stress,0.15,cost_calibrated_failure_predictive_morphology_v5_minus_risk_aware_intervention_policy,accepted_safety_violation,0.07613046057998006,0.07039567338183791,0.005734787198142147,0.14652613396181796,10
combined_failure_stress,0.15,cost_calibrated_failure_predictive_morphology_v5_minus_risk_aware_intervention_policy,accepted_regret,-0.06170649452700086,0.03038146221729079,-0.09208795674429165,-0.031325032309710066,10
combined_failure_stress,0.15,cost_calibrated_failure_predictive_morphology_v5_minus_risk_aware_intervention_policy,accepted_utility,0.13516870809248036,0.24341622545881536,-0.108247517366335,0.37858493355129574,10
combined_failure_stress,0.15,cost_calibrated_failure_predictive_morphology_v5_minus_risk_aware_intervention_policy,accepted_cost,-0.008686390724021182,0.012038515589207165,-0.020724906313228347,0.0033521248651859833,10
