stress_level,method,metric,mean,ci95,n
0.0,bayesian_morphology_belief,dominant_failure_accuracy,0.6327777777777778,0.08979868018497243,10
0.0,bayesian_morphology_belief,top2_failure_recall,0.7727777777777778,0.08926896796745949,10
0.0,bayesian_morphology_belief,calibration_error,0.13521767689200656,0.07274534652137843,10
0.0,bayesian_morphology_belief,early_warning_lead_time,0.7069695555555556,0.014563134788368803,10
0.0,bayesian_morphology_belief,cross_morphology_generalization_gap,0.08151466666666667,0.0,10
0.0,bayesian_morphology_belief,morphology_shift_detection,0.18947521176262977,0.005329393770916487,10
0.0,bayesian_morphology_belief,failure_family_f1,0.4508803659491055,0.10138719748641001,10
0.0,bayesian_morphology_belief,task_success,0.7683333333333333,0.08295192750679099,10
0.0,bayesian_morphology_belief,dominant_failure_rate,0.10333333333333335,0.03962618122760668,10
0.0,bayesian_morphology_belief,safety_violation_rate,0.02777777777777778,0.03902484875437422,10
0.0,bayesian_morphology_belief,intervention_cost,0.0153706217,0.0033555871745330618,10
0.0,bayesian_morphology_belief,unnecessary_intervention_rate,0.1088888888888889,0.05656169604541227,10
0.0,bayesian_morphology_belief,planning_regret_to_oracle,0.08812249622976674,0.009554959726393614,10
0.0,bayesian_morphology_belief,robust_utility,0.56056413954083,0.10689833767563954,10
0.0,conformal_risk_shield,dominant_failure_accuracy,0.46444444444444444,0.11707960993156918,10
0.0,conformal_risk_shield,top2_failure_recall,0.6477777777777778,0.09076179015114416,10
0.0,conformal_risk_shield,calibration_error,0.17333594889383275,0.07848494273398468,10
0.0,conformal_risk_shield,early_warning_lead_time,0.5781355555555556,0.01723376318063627,10
0.0,conformal_risk_shield,cross_morphology_generalization_gap,0.09976,0.0,10
0.0,conformal_risk_shield,morphology_shift_detection,0.14584018334576,0.004922048316971325,10
0.0,conformal_risk_shield,failure_family_f1,0.29754107137221636,0.09220302179624265,10
0.0,conformal_risk_shield,task_success,0.7363888888888889,0.09453931103297639,10
0.0,conformal_risk_shield,dominant_failure_rate,0.15888888888888889,0.06967943608729243,10
0.0,conformal_risk_shield,safety_violation_rate,0.011111111111111112,0.018436231995875983,10
0.0,conformal_risk_shield,intervention_cost,0.02331416829555556,0.00612334862629293,10
0.0,conformal_risk_shield,unnecessary_intervention_rate,0.22805555555555557,0.10274304444799022,10
0.0,conformal_risk_shield,planning_regret_to_oracle,0.10980074196349991,0.021840341834230382,10
0.0,conformal_risk_shield,robust_utility,0.4630196202143584,0.1720184757052471,10
0.0,constraint_aware_mpc,dominant_failure_accuracy,0.4552777777777778,0.07754357764167517,10
0.0,constraint_aware_mpc,top2_failure_recall,0.5952777777777778,0.09838254895886438,10
0.0,constraint_aware_mpc,calibration_error,0.14796706239887614,0.0686280791802437,10
0.0,constraint_aware_mpc,early_warning_lead_time,0.6393305555555556,0.014705755309104259,10
0.0,constraint_aware_mpc,cross_morphology_generalization_gap,0.09146666666666667,0.0,10
0.0,constraint_aware_mpc,morphology_shift_detection,0.10618929490006448,0.008669011583699072,10
0.0,constraint_aware_mpc,failure_family_f1,0.27386231199723265,0.05825723393159695,10
0.0,constraint_aware_mpc,task_success,0.7255555555555555,0.06944744052796167,10
0.0,constraint_aware_mpc,dominant_failure_rate,0.17277777777777778,0.059942759161197595,10
0.0,constraint_aware_mpc,safety_violation_rate,0.03361111111111111,0.024408415929256515,10
0.0,constraint_aware_mpc,intervention_cost,0.014622214605555555,0.0054518506456879695,10
0.0,constraint_aware_mpc,unnecessary_intervention_rate,0.15666666666666668,0.06679504758097195,10
0.0,constraint_aware_mpc,planning_regret_to_oracle,0.0971772492588042,0.016432226735329312,10
0.0,constraint_aware_mpc,robust_utility,0.4477887397778473,0.13583343068378811,10
0.0,cost_calibrated_failure_predictive_morphology_v5,dominant_failure_accuracy,0.7127777777777777,0.09797714411114249,10
0.0,cost_calibrated_failure_predictive_morphology_v5,top2_failure_recall,0.8161111111111111,0.07495778382050264,10
0.0,cost_calibrated_failure_predictive_morphology_v5,calibration_error,0.14064505420975199,0.06969044297611393,10
0.0,cost_calibrated_failure_predictive_morphology_v5,early_warning_lead_time,0.8276362222222223,0.014325423951142696,10
0.0,cost_calibrated_failure_predictive_morphology_v5,cross_morphology_generalization_gap,0.08151466666666667,0.0,10
0.0,cost_calibrated_failure_predictive_morphology_v5,morphology_shift_detection,0.18130015273068145,0.005330551430334989,10
0.0,cost_calibrated_failure_predictive_morphology_v5,failure_family_f1,0.5291021877580692,0.13393944292002236,10
0.0,cost_calibrated_failure_predictive_morphology_v5,task_success,0.8063888888888889,0.07663183150265498,10
0.0,cost_calibrated_failure_predictive_morphology_v5,dominant_failure_rate,0.07694444444444445,0.05411709615289744,10
0.0,cost_calibrated_failure_predictive_morphology_v5,safety_violation_rate,0.0225,0.025645458877597102,10
0.0,cost_calibrated_failure_predictive_morphology_v5,intervention_cost,0.014688618825555555,0.0036057452406346446,10
0.0,cost_calibrated_failure_predictive_morphology_v5,unnecessary_intervention_rate,0.11805555555555557,0.051345149219984704,10
0.0,cost_calibrated_failure_predictive_morphology_v5,planning_regret_to_oracle,0.07724565888742053,0.017236171685897514,10
0.0,cost_calibrated_failure_predictive_morphology_v5,robust_utility,0.6356315376090294,0.12961140067101673,10
0.0,domain_randomized_policy_selector,dominant_failure_accuracy,0.5397222222222222,0.0927512419359355,10
0.0,domain_randomized_policy_selector,top2_failure_recall,0.7097222222222223,0.1145642729377045,10
0.0,domain_randomized_policy_selector,calibration_error,0.22569752692760944,0.08720319232118286,10
0.0,domain_randomized_policy_selector,early_warning_lead_time,0.6348421111111111,0.01614442785895505,10
0.0,domain_randomized_policy_selector,cross_morphology_generalization_gap,0.09312533333333334,0.0,10
0.0,domain_randomized_policy_selector,morphology_shift_detection,0.12041332492370446,0.006037507336561664,10
0.0,domain_randomized_policy_selector,failure_family_f1,0.35191715282331526,0.0850077601146772,10
0.0,domain_randomized_policy_selector,task_success,0.7802777777777777,0.08050682979317375,10
0.0,domain_randomized_policy_selector,dominant_failure_rate,0.12416666666666668,0.052767437713548526,10
0.0,domain_randomized_policy_selector,safety_violation_rate,0.019444444444444445,0.02418542907256078,10
0.0,domain_randomized_policy_selector,intervention_cost,0.012472055261111111,0.00433308820558702,10
0.0,domain_randomized_policy_selector,unnecessary_intervention_rate,0.15305555555555556,0.06591276491602496,10
0.0,domain_randomized_policy_selector,planning_regret_to_oracle,0.0937485652759456,0.014992603608388637,10
0.0,domain_randomized_policy_selector,robust_utility,0.5606952628020088,0.11386239478447946,10
0.0,failure_predictive_morphology_v4,dominant_failure_accuracy,0.7975,0.07337083300469248,10
0.0,failure_predictive_morphology_v4,top2_failure_recall,0.8808333333333334,0.08126825037195348,10
0.0,failure_predictive_morphology_v4,calibration_error,0.2630137798473222,0.07439372128213158,10
0.0,failure_predictive_morphology_v4,early_warning_lead_time,0.786085,0.012745732826961963,10
0.0,failure_predictive_morphology_v4,cross_morphology_generalization_gap,0.08732,0.0,10
0.0,failure_predictive_morphology_v4,morphology_shift_detection,0.156233636900216,0.004959683546132017,10
0.0,failure_predictive_morphology_v4,failure_family_f1,0.6214543788825003,0.11531219842048819,10
0.0,failure_predictive_morphology_v4,task_success,0.765,0.08133610465493758,10
0.0,failure_predictive_morphology_v4,dominant_failure_rate,0.07,0.03479336533888233,10
0.0,failure_predictive_morphology_v4,safety_violation_rate,0.051111111111111114,0.04110625663697772,10
0.0,failure_predictive_morphology_v4,intervention_cost,0.018537551653333335,0.004983108901442158,10
0.0,failure_predictive_morphology_v4,unnecessary_intervention_rate,0.05305555555555556,0.04226960450513556,10
0.0,failure_predictive_morphology_v4,planning_regret_to_oracle,0.0807677298853225,0.016763260594130726,10
0.0,failure_predictive_morphology_v4,robust_utility,0.5723450958010835,0.12844753516121377,10
0.0,meta_adaptive_mpc,dominant_failure_accuracy,0.5416666666666666,0.0658805274398103,10
0.0,meta_adaptive_mpc,top2_failure_recall,0.6699999999999999,0.08414480431540892,10
0.0,meta_adaptive_mpc,calibration_error,0.1200970919396186,0.057404927611229305,10
0.0,meta_adaptive_mpc,early_warning_lead_time,0.5729873333333333,0.012235761425981035,10
0.0,meta_adaptive_mpc,cross_morphology_generalization_gap,0.06492800000000001,0.0,10
0.0,meta_adaptive_mpc,morphology_shift_detection,0.1511892949000645,0.008669011583699076,10
0.0,meta_adaptive_mpc,failure_family_f1,0.3344920800293699,0.05524782368138071,10
0.0,meta_adaptive_mpc,task_success,0.7955555555555556,0.07071353209534352,10
0.0,meta_adaptive_mpc,dominant_failure_rate,0.12416666666666668,0.05451124913794285,10
0.0,meta_adaptive_mpc,safety_violation_rate,0.037500000000000006,0.023470123728240762,10
0.0,meta_adaptive_mpc,intervention_cost,0.015469568159999999,0.005795364288048984,10
0.0,meta_adaptive_mpc,unnecessary_intervention_rate,0.13333333333333333,0.05167603525840033,10
0.0,meta_adaptive_mpc,planning_regret_to_oracle,0.07332504550762674,0.016496008349206615,10
0.0,meta_adaptive_mpc,robust_utility,0.5722584499795758,0.13370950896830153,10
0.0,morphology_failure_transformer_prior,dominant_failure_accuracy,0.7305555555555555,0.05909166346751483,10
0.0,morphology_failure_transformer_prior,top2_failure_recall,0.8322222222222222,0.0708810073407968,10
0.0,morphology_failure_transformer_prior,calibration_error,0.2339636420868052,0.05658430613704054,10
0.0,morphology_failure_transformer_prior,early_warning_lead_time,0.7680371111111112,0.010458630872163185,10
0.0,morphology_failure_transformer_prior,cross_morphology_generalization_gap,0.084832,0.0,10
0.0,morphology_failure_transformer_prior,morphology_shift_detection,0.1624754460687077,0.006151613717593742,10
0.0,morphology_failure_transformer_prior,failure_family_f1,0.5146742121532359,0.07841898280172427,10
0.0,morphology_failure_transformer_prior,task_success,0.7275,0.08111410183899453,10
0.0,morphology_failure_transformer_prior,dominant_failure_rate,0.09694444444444444,0.0386214594889808,10
0.0,morphology_failure_transformer_prior,safety_violation_rate,0.06305555555555556,0.04184358505703401,10
0.0,morphology_failure_transformer_prior,intervention_cost,0.01577467144,0.005648099489236383,10
0.0,morphology_failure_transformer_prior,unnecessary_intervention_rate,0.08944444444444445,0.049313564607732306,10
0.0,morphology_failure_transformer_prior,planning_regret_to_oracle,0.09770642986763002,0.014014143833572593,10
0.0,morphology_failure_transformer_prior,robust_utility,0.4909323486915884,0.1279284488106846,10
0.0,online_system_identification,dominant_failure_accuracy,0.5683333333333334,0.0909010288007624,10
0.0,online_system_identification,top2_failure_recall,0.7266666666666667,0.08019428260769569,10
0.0,online_system_identification,calibration_error,0.16038776545371847,0.06244654916897264,10
0.0,online_system_identification,early_warning_lead_time,0.5424086666666667,0.013688684632314495,10
0.0,online_system_identification,cross_morphology_generalization_gap,0.061610666666666675,0.0,10
0.0,online_system_identification,morphology_shift_detection,0.16578796305874693,0.006039792619806249,10
0.0,online_system_identification,failure_family_f1,0.3742153009287113,0.0757711022276302,10
0.0,online_system_identification,task_success,0.8027777777777778,0.08991670280360987,10
0.0,online_system_identification,dominant_failure_rate,0.11694444444444445,0.043867869478299924,10
0.0,online_system_identification,safety_violation_rate,0.006666666666666667,0.009117525595065824,10
0.0,online_system_identification,intervention_cost,0.018773907882222222,0.0038589443742481112,10
0.0,online_system_identification,unnecessary_intervention_rate,0.1613888888888889,0.057351881031815474,10
0.0,online_system_identification,planning_regret_to_oracle,0.06950582277434937,0.0155327924498249,10
0.0,online_system_identification,robust_utility,0.6115087766220666,0.12790675320311767,10
0.0,per_morphology_calibrated_predictor,dominant_failure_accuracy,0.4280555555555556,0.12500754813972922,10
0.0,per_morphology_calibrated_predictor,top2_failure_recall,0.606111111111111,0.09616395293259006,10
0.0,per_morphology_calibrated_predictor,calibration_error,0.1567301108482509,0.07276173175078399,10
0.0,per_morphology_calibrated_predictor,early_warning_lead_time,0.5828192222222223,0.018317119759277658,10
0.0,per_morphology_calibrated_predictor,cross_morphology_generalization_gap,0.11137066666666667,0.0,10
0.0,per_morphology_calibrated_predictor,morphology_shift_detection,0.11816480026692491,0.004021337624630284,10
0.0,per_morphology_calibrated_predictor,failure_family_f1,0.2687183877803042,0.09922150429977297,10
0.0,per_morphology_calibrated_predictor,task_success,0.6791666666666667,0.12752157594682395,10
0.0,per_morphology_calibrated_predictor,dominant_failure_rate,0.1675,0.05781858732086526,10
0.0,per_morphology_calibrated_predictor,safety_violation_rate,0.0663888888888889,0.02249858065939367,10
0.0,per_morphology_calibrated_predictor,intervention_cost,0.007972514763333332,0.0024209854866833118,10
0.0,per_morphology_calibrated_predictor,unnecessary_intervention_rate,0.12472222222222222,0.05538873088378469,10
0.0,per_morphology_calibrated_predictor,planning_regret_to_oracle,0.14709306505691927,0.018870793159214944,10
0.0,per_morphology_calibrated_predictor,robust_utility,0.3340556466708308,0.18442920889052403,10
0.0,retrieval_failure_memory,dominant_failure_accuracy,0.64,0.12117528167447719,10
0.0,retrieval_failure_memory,top2_failure_recall,0.79,0.11106666666666666,10
0.0,retrieval_failure_memory,calibration_error,0.23120039730867853,0.0884999759942482,10
0.0,retrieval_failure_memory,early_warning_lead_time,0.7346433333333333,0.018815092570711543,10
0.0,retrieval_failure_memory,cross_morphology_generalization_gap,0.08732,0.0,10
0.0,retrieval_failure_memory,morphology_shift_detection,0.13210045856012967,0.005548566837784522,10
0.0,retrieval_failure_memory,failure_family_f1,0.4567516541768041,0.11860148507961926,10
0.0,retrieval_failure_memory,task_success,0.7577777777777778,0.08989032610366546,10
0.0,retrieval_failure_memory,dominant_failure_rate,0.17166666666666666,0.07758752533617433,10
0.0,retrieval_failure_memory,safety_violation_rate,0.04888888888888889,0.02983370094262789,10
0.0,retrieval_failure_memory,intervention_cost,0.023492085868888887,0.005750043340263067,10
0.0,retrieval_failure_memory,unnecessary_intervention_rate,0.1313888888888889,0.08773667743823695,10
0.0,retrieval_failure_memory,planning_regret_to_oracle,0.09798592641236033,0.02778778861230502,10
0.0,retrieval_failure_memory,robust_utility,0.4642243725644495,0.19065801013839342,10
0.0,risk_aware_intervention_policy,dominant_failure_accuracy,0.5619444444444445,0.09152875978790904,10
0.0,risk_aware_intervention_policy,top2_failure_recall,0.7219444444444445,0.0900135341904125,10
0.0,risk_aware_intervention_policy,calibration_error,0.15228292500273385,0.06101617248639922,10
0.0,risk_aware_intervention_policy,early_warning_lead_time,0.6252838888888889,0.01436687107113047,10
0.0,risk_aware_intervention_policy,cross_morphology_generalization_gap,0.08317333333333334,0.0,10
0.0,risk_aware_intervention_policy,morphology_shift_detection,0.1747572484237868,0.004932574337972601,10
0.0,risk_aware_intervention_policy,failure_family_f1,0.36958488775917,0.07493991921756869,10
0.0,risk_aware_intervention_policy,task_success,0.736111111111111,0.08335118656493899,10
0.0,risk_aware_intervention_policy,dominant_failure_rate,0.1527777777777778,0.058368236471616854,10
0.0,risk_aware_intervention_policy,safety_violation_rate,0.01,0.019599999999999996,10
0.0,risk_aware_intervention_policy,intervention_cost,0.020298452583333335,0.007689381096016042,10
0.0,risk_aware_intervention_policy,unnecessary_intervention_rate,0.18611111111111112,0.09175499821926178,10
0.0,risk_aware_intervention_policy,planning_regret_to_oracle,0.09316806147935693,0.016340797773007912,10
0.0,risk_aware_intervention_policy,robust_utility,0.49568281903744243,0.1410205541557836,10
0.2,bayesian_morphology_belief,dominant_failure_accuracy,0.6280555555555556,0.09116965666435459,10
0.2,bayesian_morphology_belief,top2_failure_recall,0.77,0.09262598627455113,10
0.2,bayesian_morphology_belief,calibration_error,0.14210446808613264,0.07566614103553268,10
0.2,bayesian_morphology_belief,early_warning_lead_time,0.6940823333333334,0.014985288137221636,10
0.2,bayesian_morphology_belief,cross_morphology_generalization_gap,0.09416266666666666,0.0,10
0.2,bayesian_morphology_belief,morphology_shift_detection,0.31332151176262973,0.005329393770916483,10
0.2,bayesian_morphology_belief,failure_family_f1,0.4453386487616103,0.10274107924276314,10
0.2,bayesian_morphology_belief,task_success,0.7027777777777777,0.1100771583736173,10
0.2,bayesian_morphology_belief,dominant_failure_rate,0.12777777777777777,0.05035252679590677,10
0.2,bayesian_morphology_belief,safety_violation_rate,0.03166666666666667,0.0390939924657687,10
0.2,bayesian_morphology_belief,intervention_cost,0.016916309928,0.003575152783376145,10
0.2,bayesian_morphology_belief,unnecessary_intervention_rate,0.06583333333333334,0.03173643624384335,10
0.2,bayesian_morphology_belief,planning_regret_to_oracle,0.11900959236283702,0.012057904400287004,10
0.2,bayesian_morphology_belief,robust_utility,0.45688650143396964,0.13648928035714908,10
0.2,conformal_risk_shield,dominant_failure_accuracy,0.425,0.10235298131777347,10
0.2,conformal_risk_shield,top2_failure_recall,0.6033333333333333,0.07011764325579975,10
0.2,conformal_risk_shield,calibration_error,0.1514358552300536,0.06857810999553327,10
0.2,conformal_risk_shield,early_warning_lead_time,0.55879,0.014315885043793325,10
0.2,conformal_risk_shield,cross_morphology_generalization_gap,0.131464,0.0,10
0.2,conformal_risk_shield,morphology_shift_detection,0.23653615001242662,0.004922048316971331,10
0.2,conformal_risk_shield,failure_family_f1,0.2577518436041428,0.07279563599586972,10
0.2,conformal_risk_shield,task_success,0.6541666666666667,0.10905285494414058,10
0.2,conformal_risk_shield,dominant_failure_rate,0.2111111111111111,0.09220616697965996,10
0.2,conformal_risk_shield,safety_violation_rate,0.02,0.02410085006668644,10
0.2,conformal_risk_shield,intervention_cost,0.027118608333777782,0.005975207427682853,10
0.2,conformal_risk_shield,unnecessary_intervention_rate,0.17305555555555555,0.06178398372328212,10
0.2,conformal_risk_shield,planning_regret_to_oracle,0.15321433361556028,0.026931161241113184,10
0.2,conformal_risk_shield,robust_utility,0.3093937317900237,0.21098649235693798,10
0.2,constraint_aware_mpc,dominant_failure_accuracy,0.4225,0.08246711020836106,10
0.2,constraint_aware_mpc,top2_failure_recall,0.5669444444444445,0.10241876495856538,10
0.2,constraint_aware_mpc,calibration_error,0.12824558236921313,0.07823842984729874,10
0.2,constraint_aware_mpc,early_warning_lead_time,0.621873888888889,0.015399672144845295,10
0.2,constraint_aware_mpc,cross_morphology_generalization_gap,0.11736266666666667,0.0,10
0.2,constraint_aware_mpc,morphology_shift_detection,0.1736800282333978,0.008669011583699074,10
0.2,constraint_aware_mpc,failure_family_f1,0.25953213158698685,0.0654231988006796,10
0.2,constraint_aware_mpc,task_success,0.6247222222222222,0.0810206589346893,10
0.2,constraint_aware_mpc,dominant_failure_rate,0.2386111111111111,0.0882808081276801,10
0.2,constraint_aware_mpc,safety_violation_rate,0.044444444444444446,0.02437533440381215,10
0.2,constraint_aware_mpc,intervention_cost,0.017143064004444444,0.005702017885910704,10
0.2,constraint_aware_mpc,unnecessary_intervention_rate,0.115,0.04829726538450598,10
0.2,constraint_aware_mpc,planning_regret_to_oracle,0.1412223757081086,0.023221435974828786,10
0.2,constraint_aware_mpc,robust_utility,0.2591583422807667,0.17534049406545504,10
0.2,cost_calibrated_failure_predictive_morphology_v5,dominant_failure_accuracy,0.6927777777777777,0.10517223733558605,10
0.2,cost_calibrated_failure_predictive_morphology_v5,top2_failure_recall,0.8027777777777778,0.07594951214498834,10
0.2,cost_calibrated_failure_predictive_morphology_v5,calibration_error,0.14345661403941876,0.07338026918328618,10
0.2,cost_calibrated_failure_predictive_morphology_v5,early_warning_lead_time,0.8125295555555556,0.015049252028499105,10
0.2,cost_calibrated_failure_predictive_morphology_v5,cross_morphology_generalization_gap,0.08807066666666667,0.0,10
0.2,cost_calibrated_failure_predictive_morphology_v5,morphology_shift_detection,0.29520135273068143,0.005330551430334991,10
0.2,cost_calibrated_failure_predictive_morphology_v5,failure_family_f1,0.5204232163205776,0.1365772116102536,10
0.2,cost_calibrated_failure_predictive_morphology_v5,task_success,0.7647222222222222,0.08316546062445586,10
0.2,cost_calibrated_failure_predictive_morphology_v5,dominant_failure_rate,0.08333333333333334,0.05297891756583167,10
0.2,cost_calibrated_failure_predictive_morphology_v5,safety_violation_rate,0.043611111111111114,0.03674764738697385,10
0.2,cost_calibrated_failure_predictive_morphology_v5,intervention_cost,0.016865851746,0.003950210156385185,10
0.2,cost_calibrated_failure_predictive_morphology_v5,unnecessary_intervention_rate,0.0763888888888889,0.03542609629975875,10
0.2,cost_calibrated_failure_predictive_morphology_v5,planning_regret_to_oracle,0.10278162912662753,0.018440864915690264,10
0.2,cost_calibrated_failure_predictive_morphology_v5,robust_utility,0.5525138357263779,0.14008739788880642,10
0.2,domain_randomized_policy_selector,dominant_failure_accuracy,0.5061111111111111,0.09486049362631846,10
0.2,domain_randomized_policy_selector,top2_failure_recall,0.6694444444444444,0.12312953465568993,10
0.2,domain_randomized_policy_selector,calibration_error,0.20315989639379148,0.09164385494753442,10
0.2,domain_randomized_policy_selector,early_warning_lead_time,0.6163548888888889,0.01715766429565238,10
0.2,domain_randomized_policy_selector,cross_morphology_generalization_gap,0.11699733333333334,0.0,10
0.2,domain_randomized_policy_selector,morphology_shift_detection,0.19453412492370445,0.006037507336561657,10
0.2,domain_randomized_policy_selector,failure_family_f1,0.3327617595222929,0.08352519161526376,10
0.2,domain_randomized_policy_selector,task_success,0.7430555555555556,0.09338540471317279,10
0.2,domain_randomized_policy_selector,dominant_failure_rate,0.14222222222222222,0.050056001011980426,10
0.2,domain_randomized_policy_selector,safety_violation_rate,0.022222222222222223,0.026135853787921184,10
0.2,domain_randomized_policy_selector,intervention_cost,0.013829695708888892,0.004856857746162511,10
0.2,domain_randomized_policy_selector,unnecessary_intervention_rate,0.10027777777777779,0.04530826119192767,10
0.2,domain_randomized_policy_selector,planning_regret_to_oracle,0.12469284606480957,0.013986734794893096,10
0.2,domain_randomized_policy_selector,robust_utility,0.49293638432267084,0.11557229348037941,10
0.2,failure_predictive_morphology_v4,dominant_failure_accuracy,0.7825,0.06956235136209328,10
0.2,failure_predictive_morphology_v4,top2_failure_recall,0.8788888888888889,0.08209384572653931,10
0.2,failure_predictive_morphology_v4,calibration_error,0.26040760168241583,0.07056351178743232,10
0.2,failure_predictive_morphology_v4,early_warning_lead_time,0.7723394444444445,0.012301631561466726,10
0.2,failure_predictive_morphology_v4,cross_morphology_generalization_gap,0.095688,0.0,10
0.2,failure_predictive_morphology_v4,morphology_shift_detection,0.255217186900216,0.004959683546132014,10
0.2,failure_predictive_morphology_v4,failure_family_f1,0.6088832161059329,0.10347080881085627,10
0.2,failure_predictive_morphology_v4,task_success,0.6841666666666667,0.11237221372300896,10
0.2,failure_predictive_morphology_v4,dominant_failure_rate,0.10666666666666667,0.0562779897135663,10
0.2,failure_predictive_morphology_v4,safety_violation_rate,0.06472222222222222,0.043320887893097994,10
0.2,failure_predictive_morphology_v4,intervention_cost,0.020507008492444447,0.0052506578397840875,10
0.2,failure_predictive_morphology_v4,unnecessary_intervention_rate,0.04111111111111111,0.0279599301764731,10
0.2,failure_predictive_morphology_v4,planning_regret_to_oracle,0.11468192198461807,0.022121111758061123,10
0.2,failure_predictive_morphology_v4,robust_utility,0.42383975768328264,0.1623431822837427,10
0.2,meta_adaptive_mpc,dominant_failure_accuracy,0.53,0.06565918739132313,10
0.2,meta_adaptive_mpc,top2_failure_recall,0.6616666666666666,0.09136939271947651,10
0.2,meta_adaptive_mpc,calibration_error,0.11820566774755682,0.05900312786675702,10
0.2,meta_adaptive_mpc,early_warning_lead_time,0.5590306666666666,0.012967363774463137,10
0.2,meta_adaptive_mpc,cross_morphology_generalization_gap,0.08501600000000001,0.0,10
0.2,meta_adaptive_mpc,morphology_shift_detection,0.2485153282333978,0.00866901158369907,10
0.2,meta_adaptive_mpc,failure_family_f1,0.34046577315744564,0.057766529291448425,10
0.2,meta_adaptive_mpc,task_success,0.701388888888889,0.07800854346303099,10
0.2,meta_adaptive_mpc,dominant_failure_rate,0.16583333333333333,0.06811747306803306,10
0.2,meta_adaptive_mpc,safety_violation_rate,0.04888888888888889,0.026012064310852647,10
0.2,meta_adaptive_mpc,intervention_cost,0.018199026889333333,0.006054975447886472,10
0.2,meta_adaptive_mpc,unnecessary_intervention_rate,0.09111111111111111,0.03459400742605919,10
0.2,meta_adaptive_mpc,planning_regret_to_oracle,0.10848087018855013,0.021226941098618172,10
0.2,meta_adaptive_mpc,robust_utility,0.41557018401903556,0.15842483111185987,10
0.2,morphology_failure_transformer_prior,dominant_failure_accuracy,0.7108333333333333,0.055335188748703086,10
0.2,morphology_failure_transformer_prior,top2_failure_recall,0.8111111111111111,0.06886738015477804,10
0.2,morphology_failure_transformer_prior,calibration_error,0.22717246442243527,0.05451305762951378,10
0.2,morphology_failure_transformer_prior,early_warning_lead_time,0.7523332222222222,0.00995258889391891,10
0.2,morphology_failure_transformer_prior,cross_morphology_generalization_gap,0.095944,0.0,10
0.2,morphology_failure_transformer_prior,morphology_shift_detection,0.26643154606870767,0.006151613717593736,10
0.2,morphology_failure_transformer_prior,failure_family_f1,0.5100258666913877,0.06240439251209051,10
0.2,morphology_failure_transformer_prior,task_success,0.6738888888888889,0.08851832511988791,10
0.2,morphology_failure_transformer_prior,dominant_failure_rate,0.10944444444444446,0.042848081398833275,10
0.2,morphology_failure_transformer_prior,safety_violation_rate,0.07944444444444446,0.045043981555235785,10
0.2,morphology_failure_transformer_prior,intervention_cost,0.017929430304000002,0.005263777161079077,10
0.2,morphology_failure_transformer_prior,unnecessary_intervention_rate,0.06194444444444445,0.029431909980544596,10
0.2,morphology_failure_transformer_prior,planning_regret_to_oracle,0.12907083121700716,0.015179403815503116,10
0.2,morphology_failure_transformer_prior,robust_utility,0.39538463331755624,0.14185257078078034,10
0.2,online_system_identification,dominant_failure_accuracy,0.5452777777777778,0.07713731552119366,10
0.2,online_system_identification,top2_failure_recall,0.7069444444444445,0.07790714857909802,10
0.2,online_system_identification,calibration_error,0.14441802584231114,0.05180472494411606,10
0.2,online_system_identification,early_warning_lead_time,0.5265158888888889,0.01217806745741115,10
0.2,online_system_identification,cross_morphology_generalization_gap,0.07846666666666667,0.0,10
0.2,online_system_identification,morphology_shift_detection,0.27305909639208026,0.006039792619806251,10
0.2,online_system_identification,failure_family_f1,0.3531764771619172,0.06186115918083325,10
0.2,online_system_identification,task_success,0.7552777777777778,0.1011242759710652,10
0.2,online_system_identification,dominant_failure_rate,0.1413888888888889,0.05192051657247126,10
0.2,online_system_identification,safety_violation_rate,0.01388888888888889,0.013868795341519956,10
0.2,online_system_identification,intervention_cost,0.021890613216,0.004402981759968494,10
0.2,online_system_identification,unnecessary_intervention_rate,0.11111111111111112,0.030905182664088655,10
0.2,online_system_identification,planning_regret_to_oracle,0.09638728484256803,0.014876444102712012,10
0.2,online_system_identification,robust_utility,0.5252614579963357,0.14117290863595303,10
0.2,per_morphology_calibrated_predictor,dominant_failure_accuracy,0.42,0.12668603360714673,10
0.2,per_morphology_calibrated_predictor,top2_failure_recall,0.5916666666666667,0.10252338486630473,10
0.2,per_morphology_calibrated_predictor,calibration_error,0.16208232860301627,0.07213453204701686,10
0.2,per_morphology_calibrated_predictor,early_warning_lead_time,0.5686986666666667,0.018923673404260363,10
0.2,per_morphology_calibrated_predictor,cross_morphology_generalization_gap,0.12884266666666666,0.0,10
0.2,per_morphology_calibrated_predictor,morphology_shift_detection,0.18897056693359157,0.004021337624630287,10
0.2,per_morphology_calibrated_predictor,failure_family_f1,0.27397953201180325,0.10073312677286267,10
0.2,per_morphology_calibrated_predictor,task_success,0.6119444444444444,0.14114558152909068,10
0.2,per_morphology_calibrated_predictor,dominant_failure_rate,0.20944444444444446,0.06931642362645478,10
0.2,per_morphology_calibrated_predictor,safety_violation_rate,0.07916666666666668,0.022200904898820557,10
0.2,per_morphology_calibrated_predictor,intervention_cost,0.009123883340000001,0.0028225712829099635,10
0.2,per_morphology_calibrated_predictor,unnecessary_intervention_rate,0.08138888888888889,0.04207905568448118,10
0.2,per_morphology_calibrated_predictor,planning_regret_to_oracle,0.18776357767461282,0.021159351935204265,10
0.2,per_morphology_calibrated_predictor,robust_utility,0.20079472923961234,0.19521256632654688,10
0.2,retrieval_failure_memory,dominant_failure_accuracy,0.6375,0.1198581800851879,10
0.2,retrieval_failure_memory,top2_failure_recall,0.79,0.11106666666666666,10
0.2,retrieval_failure_memory,calibration_error,0.23790898496229043,0.09211890046594857,10
0.2,retrieval_failure_memory,early_warning_lead_time,0.7221783333333333,0.018660366916125878,10
0.2,retrieval_failure_memory,cross_morphology_generalization_gap,0.10908799999999999,0.0,10
0.2,retrieval_failure_memory,morphology_shift_detection,0.21616635856012967,0.005548566837784518,10
0.2,retrieval_failure_memory,failure_family_f1,0.46415804994257864,0.11592194573283655,10
0.2,retrieval_failure_memory,task_success,0.7352777777777778,0.08746597857114163,10
0.2,retrieval_failure_memory,dominant_failure_rate,0.18722222222222223,0.0755242113633609,10
0.2,retrieval_failure_memory,safety_violation_rate,0.05638888888888889,0.03317737610665376,10
0.2,retrieval_failure_memory,intervention_cost,0.026884386106222225,0.0062603087588123845,10
0.2,retrieval_failure_memory,unnecessary_intervention_rate,0.08055555555555556,0.05375039094508031,10
0.2,retrieval_failure_memory,planning_regret_to_oracle,0.12196271537302723,0.02765822805702635,10
0.2,retrieval_failure_memory,robust_utility,0.4143253077559569,0.18307478387224688,10
0.2,risk_aware_intervention_policy,dominant_failure_accuracy,0.5422222222222222,0.09769301713381473,10
0.2,risk_aware_intervention_policy,top2_failure_recall,0.7066666666666667,0.09138885579195619,10
0.2,risk_aware_intervention_policy,calibration_error,0.1648621893009981,0.055624626330477246,10
0.2,risk_aware_intervention_policy,early_warning_lead_time,0.6100466666666666,0.014936682263375536,10
0.2,risk_aware_intervention_policy,cross_morphology_generalization_gap,0.10523333333333333,0.0,10
0.2,risk_aware_intervention_policy,morphology_shift_detection,0.2853434150904534,0.004932574337972595,10
0.2,risk_aware_intervention_policy,failure_family_f1,0.35441796067365045,0.07611145094799308,10
0.2,risk_aware_intervention_policy,task_success,0.6955555555555556,0.10368041960828907,10
0.2,risk_aware_intervention_policy,dominant_failure_rate,0.17472222222222222,0.07521942196221144,10
0.2,risk_aware_intervention_policy,safety_violation_rate,0.01,0.019599999999999996,10
0.2,risk_aware_intervention_policy,intervention_cost,0.022960175500000003,0.007748259272632607,10
0.2,risk_aware_intervention_policy,unnecessary_intervention_rate,0.125,0.060615901520531514,10
0.2,risk_aware_intervention_policy,planning_regret_to_oracle,0.12137699898446526,0.020601838204642987,10
0.2,risk_aware_intervention_policy,robust_utility,0.42775205439948955,0.1751721785507192,10
0.4,bayesian_morphology_belief,dominant_failure_accuracy,0.6077777777777778,0.08516026978625998,10
0.4,bayesian_morphology_belief,top2_failure_recall,0.7577777777777778,0.09515515566081544,10
0.4,bayesian_morphology_belief,calibration_error,0.12967030560897697,0.07590852755871531,10
0.4,bayesian_morphology_belief,early_warning_lead_time,0.6790395555555556,0.014632999840777426,10
0.4,bayesian_morphology_belief,cross_morphology_generalization_gap,0.10681066666666666,0.0,10
0.4,bayesian_morphology_belief,morphology_shift_detection,0.43716781176262975,0.005329393770916482,10
0.4,bayesian_morphology_belief,failure_family_f1,0.4370563092383452,0.09492178399583362,10
0.4,bayesian_morphology_belief,task_success,0.6641666666666667,0.13216898964740936,10
0.4,bayesian_morphology_belief,dominant_failure_rate,0.14944444444444444,0.06642222222222222,10
0.4,bayesian_morphology_belief,safety_violation_rate,0.035833333333333335,0.03994613125097897,10
0.4,bayesian_morphology_belief,intervention_cost,0.019341402695999998,0.003943794929614062,10
0.4,bayesian_morphology_belief,unnecessary_intervention_rate,0.0016666666666666668,0.0018507552308596033,10
0.4,bayesian_morphology_belief,planning_regret_to_oracle,0.14715708899581997,0.017118836938766525,10
0.4,bayesian_morphology_belief,robust_utility,0.3877725176008371,0.17410944647442964,10
0.4,conformal_risk_shield,dominant_failure_accuracy,0.4166666666666667,0.10154857879160757,10
0.4,conformal_risk_shield,top2_failure_recall,0.5816666666666667,0.07309536998917643,10
0.4,conformal_risk_shield,calibration_error,0.15788082752448301,0.0722735842696341,10
0.4,conformal_risk_shield,early_warning_lead_time,0.5440666666666667,0.014551700331780932,10
0.4,conformal_risk_shield,cross_morphology_generalization_gap,0.16316799999999998,0.0,10
0.4,conformal_risk_shield,morphology_shift_detection,0.3272321166790933,0.004922048316971331,10
0.4,conformal_risk_shield,failure_family_f1,0.27025190836500357,0.0753082269697404,10
0.4,conformal_risk_shield,task_success,0.6133333333333333,0.10295871667236486,10
0.4,conformal_risk_shield,dominant_failure_rate,0.22666666666666668,0.09461157209749738,10
0.4,conformal_risk_shield,safety_violation_rate,0.02777777777777778,0.027974062060204058,10
0.4,conformal_risk_shield,intervention_cost,0.030928265048,0.005594950680900602,10
0.4,conformal_risk_shield,unnecessary_intervention_rate,0.006111111111111111,0.003611435882831435,10
0.4,conformal_risk_shield,planning_regret_to_oracle,0.18103041949968768,0.026366392938554126,10
0.4,conformal_risk_shield,robust_utility,0.25930654653788365,0.20651440109425598,10
0.4,constraint_aware_mpc,dominant_failure_accuracy,0.4077777777777778,0.08459373385751515,10
0.4,constraint_aware_mpc,top2_failure_recall,0.5447222222222222,0.09969083546092448,10
0.4,constraint_aware_mpc,calibration_error,0.13098791239900107,0.07940091817917395,10
0.4,constraint_aware_mpc,early_warning_lead_time,0.6065311111111111,0.015318935594114428,10
0.4,constraint_aware_mpc,cross_morphology_generalization_gap,0.14325866666666667,0.0,10
0.4,constraint_aware_mpc,morphology_shift_detection,0.24117076156673115,0.008669011583699076,10
0.4,constraint_aware_mpc,failure_family_f1,0.2626388514332609,0.07406807238935093,10
0.4,constraint_aware_mpc,task_success,0.5872222222222222,0.08216602884584538,10
0.4,constraint_aware_mpc,dominant_failure_rate,0.2577777777777778,0.08825972676707439,10
0.4,constraint_aware_mpc,safety_violation_rate,0.05611111111111111,0.024734800795041194,10
0.4,constraint_aware_mpc,intervention_cost,0.018935243426666665,0.00604485187031325,10
0.4,constraint_aware_mpc,unnecessary_intervention_rate,0.0011111111111111111,0.0008890740547879683,10
0.4,constraint_aware_mpc,planning_regret_to_oracle,0.1703796815197111,0.023958215424772167,10
0.4,constraint_aware_mpc,robust_utility,0.19538156249073524,0.17093651628459272,10
0.4,cost_calibrated_failure_predictive_morphology_v5,dominant_failure_accuracy,0.69,0.1071546338501306,10
0.4,cost_calibrated_failure_predictive_morphology_v5,top2_failure_recall,0.8,0.07730344249916832,10
0.4,cost_calibrated_failure_predictive_morphology_v5,calibration_error,0.1508441701346369,0.07502166585304278,10
0.4,cost_calibrated_failure_predictive_morphology_v5,early_warning_lead_time,0.7998173333333334,0.015353889351634082,10
0.4,cost_calibrated_failure_predictive_morphology_v5,cross_morphology_generalization_gap,0.09462666666666666,0.0,10
0.4,cost_calibrated_failure_predictive_morphology_v5,morphology_shift_detection,0.4091025527306814,0.005330551430334994,10
0.4,cost_calibrated_failure_predictive_morphology_v5,failure_family_f1,0.5337017073638913,0.1353399306017517,10
0.4,cost_calibrated_failure_predictive_morphology_v5,task_success,0.7372222222222222,0.08242616382468144,10
0.4,cost_calibrated_failure_predictive_morphology_v5,dominant_failure_rate,0.08750000000000001,0.05058908195075325,10
0.4,cost_calibrated_failure_predictive_morphology_v5,safety_violation_rate,0.058611111111111114,0.045031183982482605,10
0.4,cost_calibrated_failure_predictive_morphology_v5,intervention_cost,0.018750458773999997,0.004179756777340487,10
0.4,cost_calibrated_failure_predictive_morphology_v5,unnecessary_intervention_rate,0.0011111111111111111,0.0008890740547879683,10
0.4,cost_calibrated_failure_predictive_morphology_v5,planning_regret_to_oracle,0.12452901768533796,0.018687237438636786,10
0.4,cost_calibrated_failure_predictive_morphology_v5,robust_utility,0.502115357160502,0.14385159666428704,10
0.4,domain_randomized_policy_selector,dominant_failure_accuracy,0.47583333333333333,0.09788583542273128,10
0.4,domain_randomized_policy_selector,top2_failure_recall,0.6358333333333334,0.12851259720589092,10
0.4,domain_randomized_policy_selector,calibration_error,0.18397056176938645,0.0976074033181677,10
0.4,domain_randomized_policy_selector,early_warning_lead_time,0.598701,0.017911110590670257,10
0.4,domain_randomized_policy_selector,cross_morphology_generalization_gap,0.14086933333333335,0.0,10
0.4,domain_randomized_policy_selector,morphology_shift_detection,0.26865492492370446,0.006037507336561659,10
0.4,domain_randomized_policy_selector,failure_family_f1,0.3106663792243566,0.08613742336779277,10
0.4,domain_randomized_policy_selector,task_success,0.7305555555555555,0.10348264401902729,10
0.4,domain_randomized_policy_selector,dominant_failure_rate,0.15666666666666668,0.05491546864814133,10
0.4,domain_randomized_policy_selector,safety_violation_rate,0.026944444444444444,0.027690648785796378,10
0.4,domain_randomized_policy_selector,intervention_cost,0.015392514096666667,0.005479235222087591,10
0.4,domain_randomized_policy_selector,unnecessary_intervention_rate,0.0022222222222222222,0.002116419576647553,10
0.4,domain_randomized_policy_selector,planning_regret_to_oracle,0.15177689857653473,0.017234782391256403,10
0.4,domain_randomized_policy_selector,robust_utility,0.4624439172115552,0.1404406978426733,10
0.4,failure_predictive_morphology_v4,dominant_failure_accuracy,0.7566666666666667,0.07511755067727573,10
0.4,failure_predictive_morphology_v4,top2_failure_recall,0.8566666666666667,0.08573228212016093,10
0.4,failure_predictive_morphology_v4,calibration_error,0.2469850739906092,0.07526536850384742,10
0.4,failure_predictive_morphology_v4,early_warning_lead_time,0.7559966666666668,0.012955814884006418,10
0.4,failure_predictive_morphology_v4,cross_morphology_generalization_gap,0.104056,0.0,10
0.4,failure_predictive_morphology_v4,morphology_shift_detection,0.354200736900216,0.00495968354613202,10
0.4,failure_predictive_morphology_v4,failure_family_f1,0.5903756884741792,0.09536737814566504,10
0.4,failure_predictive_morphology_v4,task_success,0.6261111111111111,0.11983605765088359,10
0.4,failure_predictive_morphology_v4,dominant_failure_rate,0.1213888888888889,0.0673785287141775,10
0.4,failure_predictive_morphology_v4,safety_violation_rate,0.08527777777777779,0.04601226665931132,10
0.4,failure_predictive_morphology_v4,intervention_cost,0.02275883181333333,0.0055782766828790095,10
0.4,failure_predictive_morphology_v4,unnecessary_intervention_rate,0.0002777777777777778,0.0005444444444444444,10
0.4,failure_predictive_morphology_v4,planning_regret_to_oracle,0.14483215080062992,0.025733197735742494,10
0.4,failure_predictive_morphology_v4,robust_utility,0.318403103952718,0.17866166561683897,10
0.4,meta_adaptive_mpc,dominant_failure_accuracy,0.5133333333333333,0.06008544624516079,10
0.4,meta_adaptive_mpc,top2_failure_recall,0.6433333333333333,0.0873346514523718,10
0.4,meta_adaptive_mpc,calibration_error,0.1136171036829003,0.0563994203494001,10
0.4,meta_adaptive_mpc,early_warning_lead_time,0.543824,0.012098280261877061,10
0.4,meta_adaptive_mpc,cross_morphology_generalization_gap,0.10510400000000003,0.0,10
0.4,meta_adaptive_mpc,morphology_shift_detection,0.3458413615667311,0.008669011583699074,10
0.4,meta_adaptive_mpc,failure_family_f1,0.33460578951428627,0.05863995574447959,10
0.4,meta_adaptive_mpc,task_success,0.6397222222222222,0.08864418330927247,10
0.4,meta_adaptive_mpc,dominant_failure_rate,0.19694444444444445,0.07461714342748899,10
0.4,meta_adaptive_mpc,safety_violation_rate,0.060833333333333336,0.025322357650546034,10
0.4,meta_adaptive_mpc,intervention_cost,0.020100489176,0.006416842754640218,10
0.4,meta_adaptive_mpc,unnecessary_intervention_rate,0.0008333333333333334,0.0008316526261216155,10
0.4,meta_adaptive_mpc,planning_regret_to_oracle,0.13786591618579402,0.025696355697560572,10
0.4,meta_adaptive_mpc,robust_utility,0.3130082995588824,0.17336441834612146,10
0.4,morphology_failure_transformer_prior,dominant_failure_accuracy,0.7005555555555556,0.06461250500072829,10
0.4,morphology_failure_transformer_prior,top2_failure_recall,0.81,0.06821000252488227,10
0.4,morphology_failure_transformer_prior,calibration_error,0.22984201704429505,0.06505220755308659,10
0.4,morphology_failure_transformer_prior,early_warning_lead_time,0.7390793333333333,0.010601377709209941,10
0.4,morphology_failure_transformer_prior,cross_morphology_generalization_gap,0.107056,0.0,10
0.4,morphology_failure_transformer_prior,morphology_shift_detection,0.37038764606870767,0.006151613717593746,10
0.4,morphology_failure_transformer_prior,failure_family_f1,0.517419251599457,0.06632764964488631,10
0.4,morphology_failure_transformer_prior,task_success,0.6388888888888888,0.08519197718494614,10
0.4,morphology_failure_transformer_prior,dominant_failure_rate,0.1088888888888889,0.043250505836857356,10
0.4,morphology_failure_transformer_prior,safety_violation_rate,0.09055555555555556,0.049302877374663684,10
0.4,morphology_failure_transformer_prior,intervention_cost,0.020172736224,0.005010521802669081,10
0.4,morphology_failure_transformer_prior,unnecessary_intervention_rate,0.0025,0.0018947222923578404,10
0.4,morphology_failure_transformer_prior,planning_regret_to_oracle,0.15576682783309298,0.01573376273205567,10
0.4,morphology_failure_transformer_prior,robust_utility,0.3407873483639751,0.14265427991760618,10
0.4,online_system_identification,dominant_failure_accuracy,0.5302777777777777,0.07198412119143847,10
0.4,online_system_identification,top2_failure_recall,0.6902777777777778,0.07976622092088857,10
0.4,online_system_identification,calibration_error,0.13650342846157185,0.051341640061639486,10
0.4,online_system_identification,early_warning_lead_time,0.5115925555555556,0.011832020438905048,10
0.4,online_system_identification,cross_morphology_generalization_gap,0.09532266666666667,0.0,10
0.4,online_system_identification,morphology_shift_detection,0.3803302297254136,0.00603979261980625,10
0.4,online_system_identification,failure_family_f1,0.3548453732330366,0.05983788630376909,10
0.4,online_system_identification,task_success,0.7230555555555556,0.11220796150681289,10
0.4,online_system_identification,dominant_failure_rate,0.15166666666666667,0.052077280339626185,10
0.4,online_system_identification,safety_violation_rate,0.018611111111111113,0.017351186200125924,10
0.4,online_system_identification,intervention_cost,0.025697623938666665,0.005363193328555492,10
0.4,online_system_identification,unnecessary_intervention_rate,0.002777777777777778,0.0018148148148148147,10
0.4,online_system_identification,planning_regret_to_oracle,0.11520794342916629,0.01464972623777688,10
0.4,online_system_identification,robust_utility,0.4861253206824333,0.13974994503037697,10
0.4,per_morphology_calibrated_predictor,dominant_failure_accuracy,0.40944444444444444,0.13359847731650776,10
0.4,per_morphology_calibrated_predictor,top2_failure_recall,0.5794444444444444,0.10961301200381593,10
0.4,per_morphology_calibrated_predictor,calibration_error,0.172664873348856,0.07610498521692453,10
0.4,per_morphology_calibrated_predictor,early_warning_lead_time,0.5545308888888889,0.02013571214805155,10
0.4,per_morphology_calibrated_predictor,cross_morphology_generalization_gap,0.14631466666666668,0.0,10
0.4,per_morphology_calibrated_predictor,morphology_shift_detection,0.25977633360025826,0.00402133762463029,10
0.4,per_morphology_calibrated_predictor,failure_family_f1,0.2762716007397088,0.11045360614049321,10
0.4,per_morphology_calibrated_predictor,task_success,0.5686111111111111,0.1372174028743348,10
0.4,per_morphology_calibrated_predictor,dominant_failure_rate,0.2413888888888889,0.0762241666418657,10
0.4,per_morphology_calibrated_predictor,safety_violation_rate,0.08972222222222223,0.02530414199681126,10
0.4,per_morphology_calibrated_predictor,intervention_cost,0.010306717771999999,0.003058651736794255,10
0.4,per_morphology_calibrated_predictor,unnecessary_intervention_rate,0.0036111111111111114,0.001823866316425643,10
0.4,per_morphology_calibrated_predictor,planning_regret_to_oracle,0.22319795029845618,0.021430531334086657,10
0.4,per_morphology_calibrated_predictor,robust_utility,0.10952526344302774,0.187912229385093,10
0.4,retrieval_failure_memory,dominant_failure_accuracy,0.5977777777777777,0.10648123388054948,10
0.4,retrieval_failure_memory,top2_failure_recall,0.7713888888888889,0.09795310606435265,10
0.4,retrieval_failure_memory,calibration_error,0.20744512265461382,0.08608336501256553,10
0.4,retrieval_failure_memory,early_warning_lead_time,0.7048744444444445,0.016181577673391442,10
0.4,retrieval_failure_memory,cross_morphology_generalization_gap,0.130856,0.0,10
0.4,retrieval_failure_memory,morphology_shift_detection,0.3002322585601297,0.005548566837784517,10
0.4,retrieval_failure_memory,failure_family_f1,0.4234914825580491,0.09552252142274041,10
0.4,retrieval_failure_memory,task_success,0.6872222222222222,0.08422461510005086,10
0.4,retrieval_failure_memory,dominant_failure_rate,0.20555555555555557,0.07673469695920564,10
0.4,retrieval_failure_memory,safety_violation_rate,0.065,0.037835298257562114,10
0.4,retrieval_failure_memory,intervention_cost,0.030955900728666667,0.007266478977820444,10
0.4,retrieval_failure_memory,unnecessary_intervention_rate,0.0022222222222222222,0.0019546153744414126,10
0.4,retrieval_failure_memory,planning_regret_to_oracle,0.1511522439966668,0.027343989201448045,10
0.4,retrieval_failure_memory,robust_utility,0.3371316929569791,0.1761111437364133,10
0.4,risk_aware_intervention_policy,dominant_failure_accuracy,0.5327777777777778,0.09638973358579604,10
0.4,risk_aware_intervention_policy,top2_failure_recall,0.6975,0.09480370949141882,10
0.4,risk_aware_intervention_policy,calibration_error,0.16654112867108212,0.05688479093628073,10
0.4,risk_aware_intervention_policy,early_warning_lead_time,0.5962233333333333,0.01507983347977615,10
0.4,risk_aware_intervention_policy,cross_morphology_generalization_gap,0.12729333333333331,0.0,10
0.4,risk_aware_intervention_policy,morphology_shift_detection,0.3959295817571201,0.004932574337972604,10
0.4,risk_aware_intervention_policy,failure_family_f1,0.3617422290680927,0.08302486648376461,10
0.4,risk_aware_intervention_policy,task_success,0.685,0.09800067215133007,10
0.4,risk_aware_intervention_policy,dominant_failure_rate,0.1711111111111111,0.07286973024331764,10
0.4,risk_aware_intervention_policy,safety_violation_rate,0.010555555555555556,0.02009123770820161,10
0.4,risk_aware_intervention_policy,intervention_cost,0.02721297095,0.007842528722139391,10
0.4,risk_aware_intervention_policy,unnecessary_intervention_rate,0.0038888888888888888,0.003266666666666666,10
0.4,risk_aware_intervention_policy,planning_regret_to_oracle,0.13838331601037465,0.019494030227575405,10
0.4,risk_aware_intervention_policy,robust_utility,0.429214951563119,0.1566802740266318,10
0.6,bayesian_morphology_belief,dominant_failure_accuracy,0.5908333333333333,0.08484351455232875,10
0.6,bayesian_morphology_belief,top2_failure_recall,0.7391666666666666,0.09722547500731381,10
0.6,bayesian_morphology_belief,calibration_error,0.12462685793713679,0.07884504764444807,10
0.6,bayesian_morphology_belief,early_warning_lead_time,0.6637856666666668,0.014803813765887812,10
0.6,bayesian_morphology_belief,cross_morphology_generalization_gap,0.11945866666666667,0.0,10
0.6,bayesian_morphology_belief,morphology_shift_detection,0.5610141117626297,0.005329393770916496,10
0.6,bayesian_morphology_belief,failure_family_f1,0.42250516629102647,0.09999053813781075,10
0.6,bayesian_morphology_belief,task_success,0.6352777777777778,0.13285646828807693,10
0.6,bayesian_morphology_belief,dominant_failure_rate,0.15722222222222224,0.06220977653308437,10
0.6,bayesian_morphology_belief,safety_violation_rate,0.04805555555555556,0.03963656931277158,10
0.6,bayesian_morphology_belief,intervention_cost,0.022553674374,0.004499831177957367,10
0.6,bayesian_morphology_belief,unnecessary_intervention_rate,0.0,0.0,10
0.6,bayesian_morphology_belief,planning_regret_to_oracle,0.1744217710912202,0.01648205091191635,10
0.6,bayesian_morphology_belief,robust_utility,0.3171861623234014,0.1667784125089901,10
0.6,conformal_risk_shield,dominant_failure_accuracy,0.37416666666666665,0.10181434602373786,10
0.6,conformal_risk_shield,top2_failure_recall,0.5275,0.07738626585293529,10
0.6,conformal_risk_shield,calibration_error,0.14656412641325237,0.07107985476010228,10
0.6,conformal_risk_shield,early_warning_lead_time,0.5236683333333334,0.014858952424964291,10
0.6,conformal_risk_shield,cross_morphology_generalization_gap,0.194872,0.0,10
0.6,conformal_risk_shield,morphology_shift_detection,0.4179280833457599,0.00492204831697133,10
0.6,conformal_risk_shield,failure_family_f1,0.23718410791537542,0.07053430260772327,10
0.6,conformal_risk_shield,task_success,0.5497222222222222,0.10978789683207035,10
0.6,conformal_risk_shield,dominant_failure_rate,0.28944444444444445,0.09239457314570161,10
0.6,conformal_risk_shield,safety_violation_rate,0.030555555555555558,0.030508327136887694,10
0.6,conformal_risk_shield,intervention_cost,0.03495443456222223,0.006148210106991589,10
0.6,conformal_risk_shield,unnecessary_intervention_rate,0.0,0.0,10
0.6,conformal_risk_shield,planning_regret_to_oracle,0.2227432360057845,0.026127449177555356,10
0.6,conformal_risk_shield,robust_utility,0.11241724611802362,0.21137412052852966,10
0.6,constraint_aware_mpc,dominant_failure_accuracy,0.3761111111111111,0.08091388027988691,10
0.6,constraint_aware_mpc,top2_failure_recall,0.5061111111111111,0.0878820209268926,10
0.6,constraint_aware_mpc,calibration_error,0.12197467912962344,0.06990802498235772,10
0.6,constraint_aware_mpc,early_warning_lead_time,0.5883522222222223,0.01387824570057943,10
0.6,constraint_aware_mpc,cross_morphology_generalization_gap,0.16915466666666665,0.0,10
0.6,constraint_aware_mpc,morphology_shift_detection,0.30866149490006445,0.008669011583699074,10
0.6,constraint_aware_mpc,failure_family_f1,0.23932618946309422,0.06117315861385606,10
0.6,constraint_aware_mpc,task_success,0.5455555555555556,0.0766152828343406,10
0.6,constraint_aware_mpc,dominant_failure_rate,0.2902777777777778,0.08368343125533671,10
0.6,constraint_aware_mpc,safety_violation_rate,0.08222222222222222,0.031119708688569916,10
0.6,constraint_aware_mpc,intervention_cost,0.020340916844444445,0.0061913607784074886,10
0.6,constraint_aware_mpc,unnecessary_intervention_rate,0.0,0.0,10
0.6,constraint_aware_mpc,planning_regret_to_oracle,0.20933683962289537,0.022533808056781766,10
0.6,constraint_aware_mpc,robust_utility,0.07339786920291567,0.16203318400605132,10
0.6,cost_calibrated_failure_predictive_morphology_v5,dominant_failure_accuracy,0.6752777777777778,0.1119387722730478,10
0.6,cost_calibrated_failure_predictive_morphology_v5,top2_failure_recall,0.7913888888888889,0.07947334957192298,10
0.6,cost_calibrated_failure_predictive_morphology_v5,calibration_error,0.1540927553050555,0.0774921783885215,10
0.6,cost_calibrated_failure_predictive_morphology_v5,early_warning_lead_time,0.7855634444444446,0.01610914203586545,10
0.6,cost_calibrated_failure_predictive_morphology_v5,cross_morphology_generalization_gap,0.10118266666666666,0.0,10
0.6,cost_calibrated_failure_predictive_morphology_v5,morphology_shift_detection,0.5230037527306814,0.005330551430334982,10
0.6,cost_calibrated_failure_predictive_morphology_v5,failure_family_f1,0.516600252162723,0.13492828323724165,10
0.6,cost_calibrated_failure_predictive_morphology_v5,task_success,0.7097222222222223,0.0734955188391618,10
0.6,cost_calibrated_failure_predictive_morphology_v5,dominant_failure_rate,0.10083333333333333,0.05511810999465344,10
0.6,cost_calibrated_failure_predictive_morphology_v5,safety_violation_rate,0.07027777777777779,0.04442442774556879,10
0.6,cost_calibrated_failure_predictive_morphology_v5,intervention_cost,0.021352834969555555,0.004371646342257272,10
0.6,cost_calibrated_failure_predictive_morphology_v5,unnecessary_intervention_rate,0.0,0.0,10
0.6,cost_calibrated_failure_predictive_morphology_v5,planning_regret_to_oracle,0.14844139340338997,0.01777901846316832,10
0.6,cost_calibrated_failure_predictive_morphology_v5,robust_utility,0.431890539155908,0.12640481616269833,10
0.6,domain_randomized_policy_selector,dominant_failure_accuracy,0.44277777777777777,0.10670493809305673,10
0.6,domain_randomized_policy_selector,top2_failure_recall,0.6102777777777778,0.13652920724419013,10
0.6,domain_randomized_policy_selector,calibration_error,0.1753342990272473,0.10044453586052854,10
0.6,domain_randomized_policy_selector,early_warning_lead_time,0.5814415555555557,0.01915935472536732,10
0.6,domain_randomized_policy_selector,cross_morphology_generalization_gap,0.16474133333333332,0.0,10
0.6,domain_randomized_policy_selector,morphology_shift_detection,0.34277572492370445,0.00603750733656166,10
0.6,domain_randomized_policy_selector,failure_family_f1,0.29495532426041293,0.08558702582618627,10
0.6,domain_randomized_policy_selector,task_success,0.6666666666666666,0.1186228267842811,10
0.6,domain_randomized_policy_selector,dominant_failure_rate,0.22361111111111112,0.0736119403633701,10
0.6,domain_randomized_policy_selector,safety_violation_rate,0.0475,0.039423275314062124,10
0.6,domain_randomized_policy_selector,intervention_cost,0.01693947275777778,0.006016940363154408,10
0.6,domain_randomized_policy_selector,unnecessary_intervention_rate,0.0,0.0,10
0.6,domain_randomized_policy_selector,planning_regret_to_oracle,0.1968475840758582,0.025967920614307707,10
0.6,domain_randomized_policy_selector,robust_utility,0.29402691674052867,0.18702065535992937,10
0.6,failure_predictive_morphology_v4,dominant_failure_accuracy,0.735,0.0788189764983118,10
0.6,failure_predictive_morphology_v4,top2_failure_recall,0.8380555555555556,0.08836508327607025,10
0.6,failure_predictive_morphology_v4,calibration_error,0.23848333245335798,0.07955077985810732,10
0.6,failure_predictive_morphology_v4,early_warning_lead_time,0.7403177777777779,0.013510971478323294,10
0.6,failure_predictive_morphology_v4,cross_morphology_generalization_gap,0.112424,0.0,10
0.6,failure_predictive_morphology_v4,morphology_shift_detection,0.45318428690021595,0.004959683546132027,10
0.6,failure_predictive_morphology_v4,failure_family_f1,0.579514769895733,0.0985203995478501,10
0.6,failure_predictive_morphology_v4,task_success,0.5738888888888889,0.1010615605081659,10
0.6,failure_predictive_morphology_v4,dominant_failure_rate,0.12833333333333335,0.06606424482611183,10
0.6,failure_predictive_morphology_v4,safety_violation_rate,0.10444444444444445,0.04661778509879193,10
0.6,failure_predictive_morphology_v4,intervention_cost,0.025793707859555554,0.005454149671887875,10
0.6,failure_predictive_morphology_v4,unnecessary_intervention_rate,0.0,0.0,10
0.6,failure_predictive_morphology_v4,planning_regret_to_oracle,0.1746451829893814,0.024925238698058735,10
0.6,failure_predictive_morphology_v4,robust_utility,0.21712186657846572,0.15803709757429404,10
0.6,meta_adaptive_mpc,dominant_failure_accuracy,0.5019444444444444,0.06836843633153936,10
0.6,meta_adaptive_mpc,top2_failure_recall,0.6319444444444444,0.09452816224168394,10
0.6,meta_adaptive_mpc,calibration_error,0.12816484953479312,0.05461518400839059,10
0.6,meta_adaptive_mpc,early_warning_lead_time,0.5296478888888889,0.013432768524565892,10
0.6,meta_adaptive_mpc,cross_morphology_generalization_gap,0.12519200000000003,0.0,10
0.6,meta_adaptive_mpc,morphology_shift_detection,0.44316739490006446,0.008669011583699072,10
0.6,meta_adaptive_mpc,failure_family_f1,0.3317646342530796,0.06090660809584339,10
0.6,meta_adaptive_mpc,task_success,0.6058333333333333,0.08619682623637363,10
0.6,meta_adaptive_mpc,dominant_failure_rate,0.22,0.0819717921304362,10
0.6,meta_adaptive_mpc,safety_violation_rate,0.08166666666666668,0.03260813686565224,10
0.6,meta_adaptive_mpc,intervention_cost,0.021720365820666665,0.00649452577032589,10
0.6,meta_adaptive_mpc,unnecessary_intervention_rate,0.0,0.0,10
0.6,meta_adaptive_mpc,planning_regret_to_oracle,0.16864511033522875,0.027527194690468097,10
0.6,meta_adaptive_mpc,robust_utility,0.21503075074507338,0.1775232106733699,10
0.6,morphology_failure_transformer_prior,dominant_failure_accuracy,0.6858333333333333,0.07416555545475412,10
0.6,morphology_failure_transformer_prior,top2_failure_recall,0.8055555555555556,0.06623452532991396,10
0.6,morphology_failure_transformer_prior,calibration_error,0.2281188353402434,0.07467767482884649,10
0.6,morphology_failure_transformer_prior,early_warning_lead_time,0.7251587777777778,0.01125813301683237,10
0.6,morphology_failure_transformer_prior,cross_morphology_generalization_gap,0.11816800000000002,0.0,10
0.6,morphology_failure_transformer_prior,morphology_shift_detection,0.4743437460687077,0.006151613717593728,10
0.6,morphology_failure_transformer_prior,failure_family_f1,0.5200190825628792,0.0829741492585602,10
0.6,morphology_failure_transformer_prior,task_success,0.595,0.0670539078423271,10
0.6,morphology_failure_transformer_prior,dominant_failure_rate,0.12666666666666668,0.04622757625686601,10
0.6,morphology_failure_transformer_prior,safety_violation_rate,0.10777777777777778,0.04652301759323868,10
0.6,morphology_failure_transformer_prior,intervention_cost,0.022667761504,0.005526856731086018,10
0.6,morphology_failure_transformer_prior,unnecessary_intervention_rate,0.0,0.0,10
0.6,morphology_failure_transformer_prior,planning_regret_to_oracle,0.1881524634574126,0.01514241467302054,10
0.6,morphology_failure_transformer_prior,robust_utility,0.24187954664563857,0.12140740557998529,10
0.6,online_system_identification,dominant_failure_accuracy,0.5086111111111111,0.07421882606631001,10
0.6,online_system_identification,top2_failure_recall,0.6849999999999999,0.08524685722457259,10
0.6,online_system_identification,calibration_error,0.13199918669401814,0.050462378639247366,10
0.6,online_system_identification,early_warning_lead_time,0.4969803333333334,0.012731631653309634,10
0.6,online_system_identification,cross_morphology_generalization_gap,0.11217866666666665,0.0,10
0.6,online_system_identification,morphology_shift_detection,0.4876013630587469,0.006039792619806247,10
0.6,online_system_identification,failure_family_f1,0.3492530243578913,0.063843869930098,10
0.6,online_system_identification,task_success,0.6958333333333333,0.12329326148040134,10
0.6,online_system_identification,dominant_failure_rate,0.16722222222222222,0.05723892552569515,10
0.6,online_system_identification,safety_violation_rate,0.025833333333333337,0.020533087821203395,10
0.6,online_system_identification,intervention_cost,0.02846892872488889,0.005883302991930838,10
0.6,online_system_identification,unnecessary_intervention_rate,0.0,0.0,10
0.6,online_system_identification,planning_regret_to_oracle,0.13893015405247594,0.018661852781952124,10
0.6,online_system_identification,robust_utility,0.4210586614683932,0.16034975702999987,10
0.6,per_morphology_calibrated_predictor,dominant_failure_accuracy,0.385,0.13708328368793427,10
0.6,per_morphology_calibrated_predictor,top2_failure_recall,0.57,0.11705428939883691,10
0.6,per_morphology_calibrated_predictor,calibration_error,0.17199844275028617,0.08085444570837341,10
0.6,per_morphology_calibrated_predictor,early_warning_lead_time,0.5393353333333334,0.021048717934037377,10
0.6,per_morphology_calibrated_predictor,cross_morphology_generalization_gap,0.16378666666666666,0.0,10
0.6,per_morphology_calibrated_predictor,morphology_shift_detection,0.3305821002669249,0.004021337624630285,10
0.6,per_morphology_calibrated_predictor,failure_family_f1,0.2619752713342524,0.10648814272561864,10
0.6,per_morphology_calibrated_predictor,task_success,0.5213888888888889,0.13653885627533532,10
0.6,per_morphology_calibrated_predictor,dominant_failure_rate,0.2897222222222222,0.08689173379511102,10
0.6,per_morphology_calibrated_predictor,safety_violation_rate,0.10500000000000001,0.030049300140893062,10
0.6,per_morphology_calibrated_predictor,intervention_cost,0.011631357216666667,0.0034612032268526213,10
0.6,per_morphology_calibrated_predictor,unnecessary_intervention_rate,0.0,0.0,10
0.6,per_morphology_calibrated_predictor,planning_regret_to_oracle,0.2644010807239781,0.023799621642383428,10
0.6,per_morphology_calibrated_predictor,robust_utility,-0.021733307484285785,0.19461555952374687,10
0.6,retrieval_failure_memory,dominant_failure_accuracy,0.5591666666666667,0.11475328225698693,10
0.6,retrieval_failure_memory,top2_failure_recall,0.7341666666666666,0.10755300610436255,10
0.6,retrieval_failure_memory,calibration_error,0.20313259979013515,0.08004235528870192,10
0.6,retrieval_failure_memory,early_warning_lead_time,0.6861816666666667,0.01754143607656619,10
0.6,retrieval_failure_memory,cross_morphology_generalization_gap,0.152624,0.0,10
0.6,retrieval_failure_memory,morphology_shift_detection,0.38429815856012967,0.005548566837784525,10
0.6,retrieval_failure_memory,failure_family_f1,0.3920875482617721,0.09609924131067768,10
0.6,retrieval_failure_memory,task_success,0.6197222222222222,0.08176924011055678,10
0.6,retrieval_failure_memory,dominant_failure_rate,0.2619444444444445,0.09019848719300518,10
0.6,retrieval_failure_memory,safety_violation_rate,0.09472222222222224,0.051468160946558504,10
0.6,retrieval_failure_memory,intervention_cost,0.03491507145244444,0.007666701257315075,10
0.6,retrieval_failure_memory,unnecessary_intervention_rate,0.0,0.0,10
0.6,retrieval_failure_memory,planning_regret_to_oracle,0.1925745748170115,0.03188930592646503,10
0.6,retrieval_failure_memory,robust_utility,0.16852009851964306,0.19699275450369372,10
0.6,risk_aware_intervention_policy,dominant_failure_accuracy,0.5061111111111111,0.09554202861476419,10
0.6,risk_aware_intervention_policy,top2_failure_recall,0.6808333333333334,0.09239332550611848,10
0.6,risk_aware_intervention_policy,calibration_error,0.14994751495773476,0.06493081879727661,10
0.6,risk_aware_intervention_policy,early_warning_lead_time,0.58025,0.01473381122085887,10
0.6,risk_aware_intervention_policy,cross_morphology_generalization_gap,0.1493533333333333,0.0,10
0.6,risk_aware_intervention_policy,morphology_shift_detection,0.5065157484237868,0.004932574337972593,10
0.6,risk_aware_intervention_policy,failure_family_f1,0.34276875065510104,0.07890505663006965,10
0.6,risk_aware_intervention_policy,task_success,0.6247222222222222,0.09549944584330633,10
0.6,risk_aware_intervention_policy,dominant_failure_rate,0.21833333333333335,0.0815908125089526,10
0.6,risk_aware_intervention_policy,safety_violation_rate,0.024166666666666666,0.034738892985687615,10
0.6,risk_aware_intervention_policy,intervention_cost,0.03230263635,0.0076911993631146635,10
0.6,risk_aware_intervention_policy,unnecessary_intervention_rate,0.0,0.0,10
0.6,risk_aware_intervention_policy,planning_regret_to_oracle,0.17307776966670396,0.023169726443638603,10
0.6,risk_aware_intervention_policy,robust_utility,0.29391643076415835,0.16455628993625765,10
0.8,bayesian_morphology_belief,dominant_failure_accuracy,0.5675,0.09342348680881668,10
0.8,bayesian_morphology_belief,top2_failure_recall,0.7263888888888889,0.10272316767387349,10
0.8,bayesian_morphology_belief,calibration_error,0.12986030342079213,0.08026572382885643,10
0.8,bayesian_morphology_belief,early_warning_lead_time,0.6484234444444446,0.01613351803626032,10
0.8,bayesian_morphology_belief,cross_morphology_generalization_gap,0.13210666666666665,0.0,10
0.8,bayesian_morphology_belief,morphology_shift_detection,0.6848604117626298,0.005329393770916498,10
0.8,bayesian_morphology_belief,failure_family_f1,0.41266886375114664,0.10806831354055038,10
0.8,bayesian_morphology_belief,task_success,0.5861111111111111,0.11290132015737664,10
0.8,bayesian_morphology_belief,dominant_failure_rate,0.18583333333333332,0.06485494091253322,10
0.8,bayesian_morphology_belief,safety_violation_rate,0.06861111111111111,0.04270062964747486,10
0.8,bayesian_morphology_belief,intervention_cost,0.025932078088,0.005413856995583081,10
0.8,bayesian_morphology_belief,unnecessary_intervention_rate,0.0,0.0,10
0.8,bayesian_morphology_belief,planning_regret_to_oracle,0.20672984643419434,0.016243744448619157,10
0.8,bayesian_morphology_belief,robust_utility,0.1953002279120195,0.13337788174639323,10
0.8,conformal_risk_shield,dominant_failure_accuracy,0.3288888888888889,0.10065663864150397,10
0.8,conformal_risk_shield,top2_failure_recall,0.4788888888888889,0.0852198081007565,10
0.8,conformal_risk_shield,calibration_error,0.14074618251850055,0.06077390942369095,10
0.8,conformal_risk_shield,early_warning_lead_time,0.5034644444444444,0.015290796075777125,10
0.8,conformal_risk_shield,cross_morphology_generalization_gap,0.22657599999999997,0.0,10
0.8,conformal_risk_shield,morphology_shift_detection,0.5086240500124266,0.0049220483169713225,10
0.8,conformal_risk_shield,failure_family_f1,0.21380148474394506,0.07467278555000645,10
0.8,conformal_risk_shield,task_success,0.47888888888888886,0.11547186214183114,10
0.8,conformal_risk_shield,dominant_failure_rate,0.3497222222222222,0.08627321174311224,10
0.8,conformal_risk_shield,safety_violation_rate,0.031111111111111114,0.031104888266542192,10
0.8,conformal_risk_shield,intervention_cost,0.03957669658933334,0.006889044037923168,10
0.8,conformal_risk_shield,unnecessary_intervention_rate,0.0,0.0,10
0.8,conformal_risk_shield,planning_regret_to_oracle,0.2647679990390265,0.024975098236709653,10
0.8,conformal_risk_shield,robust_utility,-0.03861004249228257,0.2114006662678883,10
0.8,constraint_aware_mpc,dominant_failure_accuracy,0.3333333333333333,0.07957502520570343,10
0.8,constraint_aware_mpc,top2_failure_recall,0.4625,0.07605459963868241,10
0.8,constraint_aware_mpc,calibration_error,0.1200858287215351,0.055984370046046956,10
0.8,constraint_aware_mpc,early_warning_lead_time,0.5687733333333334,0.01279510342405926,10
0.8,constraint_aware_mpc,cross_morphology_generalization_gap,0.19505066666666665,0.0,10
0.8,constraint_aware_mpc,morphology_shift_detection,0.37615222823339783,0.008669011583699069,10
0.8,constraint_aware_mpc,failure_family_f1,0.21274308914189866,0.05892721092432672,10
0.8,constraint_aware_mpc,task_success,0.4930555555555556,0.07868954164521931,10
0.8,constraint_aware_mpc,dominant_failure_rate,0.36416666666666664,0.08047409495513283,10
0.8,constraint_aware_mpc,safety_violation_rate,0.10722222222222222,0.036370627592060174,10
0.8,constraint_aware_mpc,intervention_cost,0.022180161524444447,0.006036943351687892,10
0.8,constraint_aware_mpc,unnecessary_intervention_rate,0.0,0.0,10
0.8,constraint_aware_mpc,planning_regret_to_oracle,0.256374312596557,0.02068642030455838,10
0.8,constraint_aware_mpc,robust_utility,-0.09459068727821879,0.15901118207704235,10
0.8,cost_calibrated_failure_predictive_morphology_v5,dominant_failure_accuracy,0.6569444444444444,0.12274442008164647,10
0.8,cost_calibrated_failure_predictive_morphology_v5,top2_failure_recall,0.7766666666666666,0.08763958523328844,10
0.8,cost_calibrated_failure_predictive_morphology_v5,calibration_error,0.16618634791181258,0.07964820339745177,10
0.8,cost_calibrated_failure_predictive_morphology_v5,early_warning_lead_time,0.7704956666666668,0.017824802264721103,10
0.8,cost_calibrated_failure_predictive_morphology_v5,cross_morphology_generalization_gap,0.10773866666666666,0.0,10
0.8,cost_calibrated_failure_predictive_morphology_v5,morphology_shift_detection,0.6369049527306814,0.005330551430334982,10
0.8,cost_calibrated_failure_predictive_morphology_v5,failure_family_f1,0.5109982392881952,0.1469293929776618,10
0.8,cost_calibrated_failure_predictive_morphology_v5,task_success,0.6727777777777777,0.08041411473807548,10
0.8,cost_calibrated_failure_predictive_morphology_v5,dominant_failure_rate,0.11194444444444444,0.06146866454980416,10
0.8,cost_calibrated_failure_predictive_morphology_v5,safety_violation_rate,0.08555555555555557,0.045946007556971036,10
0.8,cost_calibrated_failure_predictive_morphology_v5,intervention_cost,0.024575346293555556,0.005135206747325326,10
0.8,cost_calibrated_failure_predictive_morphology_v5,unnecessary_intervention_rate,0.0,0.0,10
0.8,cost_calibrated_failure_predictive_morphology_v5,planning_regret_to_oracle,0.17319614490225735,0.02042574195628166,10
0.8,cost_calibrated_failure_predictive_morphology_v5,robust_utility,0.34852240912237537,0.12908237263138966,10
0.8,domain_randomized_policy_selector,dominant_failure_accuracy,0.40888888888888886,0.1084305911005734,10
0.8,domain_randomized_policy_selector,top2_failure_recall,0.5866666666666667,0.13771754238833003,10
0.8,domain_randomized_policy_selector,calibration_error,0.16495353673134522,0.0951506517861277,10
0.8,domain_randomized_policy_selector,early_warning_lead_time,0.5642626666666667,0.0192038884488417,10
0.8,domain_randomized_policy_selector,cross_morphology_generalization_gap,0.18861333333333333,0.0,10
0.8,domain_randomized_policy_selector,morphology_shift_detection,0.41689652492370444,0.006037507336561654,10
0.8,domain_randomized_policy_selector,failure_family_f1,0.26929109922696526,0.09001685217419973,10
0.8,domain_randomized_policy_selector,task_success,0.6013888888888889,0.1167766703615955,10
0.8,domain_randomized_policy_selector,dominant_failure_rate,0.2747222222222222,0.09527846913329413,10
0.8,domain_randomized_policy_selector,safety_violation_rate,0.06222222222222223,0.04013326634122076,10
0.8,domain_randomized_policy_selector,intervention_cost,0.01824514250777778,0.005937943699731188,10
0.8,domain_randomized_policy_selector,unnecessary_intervention_rate,0.0,0.0,10
0.8,domain_randomized_policy_selector,planning_regret_to_oracle,0.23903883670219422,0.031893709333702086,10
0.8,domain_randomized_policy_selector,robust_utility,0.14319419568582695,0.21410829354552313,10
0.8,failure_predictive_morphology_v4,dominant_failure_accuracy,0.7158333333333333,0.08731899962478529,10
0.8,failure_predictive_morphology_v4,top2_failure_recall,0.8302777777777778,0.09672281957821792,10
0.8,failure_predictive_morphology_v4,calibration_error,0.23183838668689252,0.08807605961149545,10
0.8,failure_predictive_morphology_v4,early_warning_lead_time,0.7257305555555555,0.015013409711749014,10
0.8,failure_predictive_morphology_v4,cross_morphology_generalization_gap,0.120792,0.0,10
0.8,failure_predictive_morphology_v4,morphology_shift_detection,0.552167836900216,0.004959683546132018,10
0.8,failure_predictive_morphology_v4,failure_family_f1,0.5599692323506623,0.10079914588127055,10
0.8,failure_predictive_morphology_v4,task_success,0.5363888888888889,0.09232557119993186,10
0.8,failure_predictive_morphology_v4,dominant_failure_rate,0.14111111111111113,0.06017855872352836,10
0.8,failure_predictive_morphology_v4,safety_violation_rate,0.12194444444444445,0.04467136345922182,10
0.8,failure_predictive_morphology_v4,intervention_cost,0.028828537680888888,0.005444833771785118,10
0.8,failure_predictive_morphology_v4,unnecessary_intervention_rate,0.0,0.0,10
0.8,failure_predictive_morphology_v4,planning_regret_to_oracle,0.20515889163871803,0.023385880076305595,10
0.8,failure_predictive_morphology_v4,robust_utility,0.1308686763630843,0.14718399491927553,10
0.8,meta_adaptive_mpc,dominant_failure_accuracy,0.4886111111111111,0.06878339682664955,10
0.8,meta_adaptive_mpc,top2_failure_recall,0.6186111111111111,0.09661242986768458,10
0.8,meta_adaptive_mpc,calibration_error,0.13028487581800868,0.052393027194758,10
0.8,meta_adaptive_mpc,early_warning_lead_time,0.5151412222222223,0.013664849494818776,10
0.8,meta_adaptive_mpc,cross_morphology_generalization_gap,0.14528000000000002,0.0,10
0.8,meta_adaptive_mpc,morphology_shift_detection,0.5404934282333977,0.008669011583699072,10
0.8,meta_adaptive_mpc,failure_family_f1,0.32682968482869273,0.05925378730195949,10
0.8,meta_adaptive_mpc,task_success,0.5436111111111112,0.08130309606254414,10
0.8,meta_adaptive_mpc,dominant_failure_rate,0.27416666666666667,0.08238959449595035,10
0.8,meta_adaptive_mpc,safety_violation_rate,0.11583333333333334,0.039686394271344815,10
0.8,meta_adaptive_mpc,intervention_cost,0.023824320843333333,0.006399372316003251,10
0.8,meta_adaptive_mpc,unnecessary_intervention_rate,0.0,0.0,10
0.8,meta_adaptive_mpc,planning_regret_to_oracle,0.20886757370759745,0.02809837689528378,10
0.8,meta_adaptive_mpc,robust_utility,0.04793412867984329,0.17397135886820056,10
0.8,morphology_failure_transformer_prior,dominant_failure_accuracy,0.6752777777777778,0.07541183398562488,10
0.8,morphology_failure_transformer_prior,top2_failure_recall,0.7955555555555556,0.06559595365418869,10
0.8,morphology_failure_transformer_prior,calibration_error,0.2305218205605589,0.075407208976497,10
0.8,morphology_failure_transformer_prior,early_warning_lead_time,0.7111687777777778,0.01132918247570854,10
0.8,morphology_failure_transformer_prior,cross_morphology_generalization_gap,0.12928,0.0,10
0.8,morphology_failure_transformer_prior,morphology_shift_detection,0.5782998460687077,0.0061516137175937355,10
0.8,morphology_failure_transformer_prior,failure_family_f1,0.5078527124438655,0.07373086270071819,10
0.8,morphology_failure_transformer_prior,task_success,0.5669444444444445,0.0580993058612905,10
0.8,morphology_failure_transformer_prior,dominant_failure_rate,0.1413888888888889,0.05057736186880136,10
0.8,morphology_failure_transformer_prior,safety_violation_rate,0.12472222222222223,0.04299579349061391,10
0.8,morphology_failure_transformer_prior,intervention_cost,0.026260438784,0.006160806773684679,10
0.8,morphology_failure_transformer_prior,unnecessary_intervention_rate,0.0,0.0,10
0.8,morphology_failure_transformer_prior,planning_regret_to_oracle,0.2167417183849959,0.015750534009108533,10
0.8,morphology_failure_transformer_prior,robust_utility,0.1634446077036494,0.10689066906979038,10
0.8,online_system_identification,dominant_failure_accuracy,0.49,0.07974949668946017,10
0.8,online_system_identification,top2_failure_recall,0.6799999999999999,0.09146666666666665,10
0.8,online_system_identification,calibration_error,0.1304299025651499,0.05367506062944837,10
0.8,online_system_identification,early_warning_lead_time,0.4826653333333334,0.013779758746477062,10
0.8,online_system_identification,cross_morphology_generalization_gap,0.12903466666666666,0.0,10
0.8,online_system_identification,morphology_shift_detection,0.5948724963920803,0.006039792619806248,10
0.8,online_system_identification,failure_family_f1,0.33257120088171677,0.06781615091378092,10
0.8,online_system_identification,task_success,0.6619444444444444,0.12409419190134902,10
0.8,online_system_identification,dominant_failure_rate,0.18666666666666668,0.05846295721442035,10
0.8,online_system_identification,safety_violation_rate,0.04,0.023762295640394445,10
0.8,online_system_identification,intervention_cost,0.030659179451111112,0.006566131973477893,10
0.8,online_system_identification,unnecessary_intervention_rate,0.0,0.0,10
0.8,online_system_identification,planning_regret_to_oracle,0.16619793559349877,0.021763051761953738,10
0.8,online_system_identification,robust_utility,0.33556819657238046,0.16411590412248464,10
0.8,per_morphology_calibrated_predictor,dominant_failure_accuracy,0.3622222222222222,0.14357972525196358,10
0.8,per_morphology_calibrated_predictor,top2_failure_recall,0.5602777777777778,0.1229958524176086,10
0.8,per_morphology_calibrated_predictor,calibration_error,0.17950654398140062,0.0856534708889142,10
0.8,per_morphology_calibrated_predictor,early_warning_lead_time,0.5242675555555556,0.022143051980155863,10
0.8,per_morphology_calibrated_predictor,cross_morphology_generalization_gap,0.18125866666666668,0.0,10
0.8,per_morphology_calibrated_predictor,morphology_shift_detection,0.4013878669335916,0.004021337624630276,10
0.8,per_morphology_calibrated_predictor,failure_family_f1,0.2534065171123703,0.11052052330439209,10
0.8,per_morphology_calibrated_predictor,task_success,0.47638888888888886,0.14177932218865466,10
0.8,per_morphology_calibrated_predictor,dominant_failure_rate,0.3338888888888889,0.11265250087486194,10
0.8,per_morphology_calibrated_predictor,safety_violation_rate,0.12083333333333333,0.03784443737630694,10
0.8,per_morphology_calibrated_predictor,intervention_cost,0.012679571912666667,0.003917614271566515,10
0.8,per_morphology_calibrated_predictor,unnecessary_intervention_rate,0.0,0.0,10
0.8,per_morphology_calibrated_predictor,planning_regret_to_oracle,0.3051137485075632,0.027524793878934493,10
0.8,per_morphology_calibrated_predictor,robust_utility,-0.14832104620518222,0.21884330814801695,10
0.8,retrieval_failure_memory,dominant_failure_accuracy,0.5147222222222222,0.11562820253229954,10
0.8,retrieval_failure_memory,top2_failure_recall,0.6830555555555555,0.1158569874891825,10
0.8,retrieval_failure_memory,calibration_error,0.18307525572794037,0.07756113227027618,10
0.8,retrieval_failure_memory,early_warning_lead_time,0.6658527777777777,0.01821301610826569,10
0.8,retrieval_failure_memory,cross_morphology_generalization_gap,0.174392,0.0,10
0.8,retrieval_failure_memory,morphology_shift_detection,0.4683640585601297,0.005548566837784527,10
0.8,retrieval_failure_memory,failure_family_f1,0.3641120241641075,0.09631325413486438,10
0.8,retrieval_failure_memory,task_success,0.5730555555555555,0.09205262413655159,10
0.8,retrieval_failure_memory,dominant_failure_rate,0.29555555555555557,0.10136094111682167,10
0.8,retrieval_failure_memory,safety_violation_rate,0.11555555555555556,0.06277895377462926,10
0.8,retrieval_failure_memory,intervention_cost,0.03901378494977778,0.00777175965511485,10
0.8,retrieval_failure_memory,unnecessary_intervention_rate,0.0,0.0,10
0.8,retrieval_failure_memory,planning_regret_to_oracle,0.2269481210496846,0.03558136167176842,10
0.8,retrieval_failure_memory,robust_utility,0.049437437207813135,0.22111371559443513,10
0.8,risk_aware_intervention_policy,dominant_failure_accuracy,0.47055555555555556,0.09155088715174532,10
0.8,risk_aware_intervention_policy,top2_failure_recall,0.6502777777777777,0.08786196845442212,10
0.8,risk_aware_intervention_policy,calibration_error,0.1242955404038775,0.0686056038415895,10
0.8,risk_aware_intervention_policy,early_warning_lead_time,0.5623655555555556,0.013843133802575005,10
0.8,risk_aware_intervention_policy,cross_morphology_generalization_gap,0.1714133333333333,0.0,10
0.8,risk_aware_intervention_policy,morphology_shift_detection,0.6171019150904533,0.004932574337972595,10
0.8,risk_aware_intervention_policy,failure_family_f1,0.317151009583666,0.06886609272818252,10
0.8,risk_aware_intervention_policy,task_success,0.5686111111111112,0.09305966204316711,10
0.8,risk_aware_intervention_policy,dominant_failure_rate,0.2644444444444444,0.08312089597117413,10
0.8,risk_aware_intervention_policy,safety_violation_rate,0.03194444444444445,0.04077683333921617,10
0.8,risk_aware_intervention_policy,intervention_cost,0.0369107105,0.007044169463512791,10
0.8,risk_aware_intervention_policy,unnecessary_intervention_rate,0.0,0.0,10
0.8,risk_aware_intervention_policy,planning_regret_to_oracle,0.2084135525366782,0.02519019421450129,10
0.8,risk_aware_intervention_policy,robust_utility,0.16730764464577122,0.17511865224795867,10
1.0,bayesian_morphology_belief,dominant_failure_accuracy,0.5502777777777778,0.10220630371223936,10
1.0,bayesian_morphology_belief,top2_failure_recall,0.72,0.1085398851421295,10
1.0,bayesian_morphology_belief,calibration_error,0.13714936820307286,0.08368807074655127,10
1.0,bayesian_morphology_belief,early_warning_lead_time,0.6341223333333335,0.017364299982691164,10
1.0,bayesian_morphology_belief,cross_morphology_generalization_gap,0.14475466666666667,0.0,10
1.0,bayesian_morphology_belief,morphology_shift_detection,0.8087067117626298,0.00532939377091648,10
1.0,bayesian_morphology_belief,failure_family_f1,0.4065861197615107,0.10981467300170032,10
1.0,bayesian_morphology_belief,task_success,0.56,0.09695664071287988,10
1.0,bayesian_morphology_belief,dominant_failure_rate,0.2036111111111111,0.07347669497926158,10
1.0,bayesian_morphology_belief,safety_violation_rate,0.0825,0.0483371420381007,10
1.0,bayesian_morphology_belief,intervention_cost,0.02811447366,0.005823113309827211,10
1.0,bayesian_morphology_belief,unnecessary_intervention_rate,0.0,0.0,10
1.0,bayesian_morphology_belief,planning_regret_to_oracle,0.23559623196853738,0.017460230229161454,10
1.0,bayesian_morphology_belief,robust_utility,0.11641723558613494,0.11343239945251521,10
1.0,conformal_risk_shield,dominant_failure_accuracy,0.2838888888888889,0.10060623618814654,10
1.0,conformal_risk_shield,top2_failure_recall,0.43555555555555553,0.09061288770578575,10
1.0,conformal_risk_shield,calibration_error,0.13487534674196802,0.05868359595516933,10
1.0,conformal_risk_shield,early_warning_lead_time,0.48370777777777774,0.01568313738331121,10
1.0,conformal_risk_shield,cross_morphology_generalization_gap,0.25828,0.0,10
1.0,conformal_risk_shield,morphology_shift_detection,0.5993200166790933,0.004922048316971309,10
1.0,conformal_risk_shield,failure_family_f1,0.1798948286428445,0.06934580979595033,10
1.0,conformal_risk_shield,task_success,0.43555555555555553,0.1015673883481176,10
1.0,conformal_risk_shield,dominant_failure_rate,0.40777777777777774,0.08047961989290825,10
1.0,conformal_risk_shield,safety_violation_rate,0.03166666666666667,0.03129911098453911,10
1.0,conformal_risk_shield,intervention_cost,0.04435308714666667,0.007157475410323017,10
1.0,conformal_risk_shield,unnecessary_intervention_rate,0.0,0.0,10
1.0,conformal_risk_shield,planning_regret_to_oracle,0.30331173780153614,0.023711514461990164,10
1.0,conformal_risk_shield,robust_utility,-0.15772349881701012,0.19310051383127982,10
1.0,constraint_aware_mpc,dominant_failure_accuracy,0.2888888888888889,0.08385937016419039,10
1.0,constraint_aware_mpc,top2_failure_recall,0.4127777777777778,0.08715344650277108,10
1.0,constraint_aware_mpc,calibration_error,0.11422308293562045,0.052579434171972715,10
1.0,constraint_aware_mpc,early_warning_lead_time,0.5485555555555556,0.014136521638204893,10
1.0,constraint_aware_mpc,cross_morphology_generalization_gap,0.22094666666666668,0.0,10
1.0,constraint_aware_mpc,morphology_shift_detection,0.44364296156673116,0.008669011583699067,10
1.0,constraint_aware_mpc,failure_family_f1,0.18908990421688834,0.06224394113214804,10
1.0,constraint_aware_mpc,task_success,0.4538888888888889,0.08260577738973143,10
1.0,constraint_aware_mpc,dominant_failure_rate,0.42416666666666664,0.09013639116553133,10
1.0,constraint_aware_mpc,safety_violation_rate,0.12083333333333333,0.041908078422149546,10
1.0,constraint_aware_mpc,intervention_cost,0.024471704833333337,0.006470241143054163,10
1.0,constraint_aware_mpc,unnecessary_intervention_rate,0.0,0.0,10
1.0,constraint_aware_mpc,planning_regret_to_oracle,0.2973506033902713,0.023357985203022635,10
1.0,constraint_aware_mpc,robust_utility,-0.22065702091471007,0.17673968180528457,10
1.0,cost_calibrated_failure_predictive_morphology_v5,dominant_failure_accuracy,0.6430555555555556,0.13113026042413933,10
1.0,cost_calibrated_failure_predictive_morphology_v5,top2_failure_recall,0.7630555555555556,0.09416440843644991,10
1.0,cost_calibrated_failure_predictive_morphology_v5,calibration_error,0.17900948846132686,0.08000394702558673,10
1.0,cost_calibrated_failure_predictive_morphology_v5,early_warning_lead_time,0.7559167777777779,0.01914329335938169,10
1.0,cost_calibrated_failure_predictive_morphology_v5,cross_morphology_generalization_gap,0.11429466666666667,0.0,10
1.0,cost_calibrated_failure_predictive_morphology_v5,morphology_shift_detection,0.7508061527306814,0.005330551430334989,10
1.0,cost_calibrated_failure_predictive_morphology_v5,failure_family_f1,0.5098452684147129,0.14956433906010647,10
1.0,cost_calibrated_failure_predictive_morphology_v5,task_success,0.6236111111111111,0.09367415908115237,10
1.0,cost_calibrated_failure_predictive_morphology_v5,dominant_failure_rate,0.1225,0.07029426966988488,10
1.0,cost_calibrated_failure_predictive_morphology_v5,safety_violation_rate,0.0963888888888889,0.051318201099223616,10
1.0,cost_calibrated_failure_predictive_morphology_v5,intervention_cost,0.027514921006666665,0.005576761531415818,10
1.0,cost_calibrated_failure_predictive_morphology_v5,unnecessary_intervention_rate,0.0,0.0,10
1.0,cost_calibrated_failure_predictive_morphology_v5,planning_regret_to_oracle,0.19902093722121078,0.023321221858197287,10
1.0,cost_calibrated_failure_predictive_morphology_v5,robust_utility,0.25817041539385616,0.1415589169461754,10
1.0,domain_randomized_policy_selector,dominant_failure_accuracy,0.39305555555555555,0.10345160793909963,10
1.0,domain_randomized_policy_selector,top2_failure_recall,0.575,0.13488604243747548,10
1.0,domain_randomized_policy_selector,calibration_error,0.15739369085179825,0.0937588182061759,10
1.0,domain_randomized_policy_selector,early_warning_lead_time,0.5496643333333333,0.018527393247717155,10
1.0,domain_randomized_policy_selector,cross_morphology_generalization_gap,0.21248533333333336,0.0,10
1.0,domain_randomized_policy_selector,morphology_shift_detection,0.4910173249237044,0.00603750733656166,10
1.0,domain_randomized_policy_selector,failure_family_f1,0.27286553529509877,0.08922465191411821,10
1.0,domain_randomized_policy_selector,task_success,0.5286111111111111,0.09915617373680499,10
1.0,domain_randomized_policy_selector,dominant_failure_rate,0.3244444444444444,0.09384821355747092,10
1.0,domain_randomized_policy_selector,safety_violation_rate,0.09055555555555556,0.043146816701759114,10
1.0,domain_randomized_policy_selector,intervention_cost,0.019649691966666667,0.00568347117422929,10
1.0,domain_randomized_policy_selector,unnecessary_intervention_rate,0.0,0.0,10
1.0,domain_randomized_policy_selector,planning_regret_to_oracle,0.2825998043611352,0.032043494125280764,10
1.0,domain_randomized_policy_selector,robust_utility,-0.027976497015125692,0.20548750197905422,10
1.0,failure_predictive_morphology_v4,dominant_failure_accuracy,0.7061111111111111,0.08693247115127001,10
1.0,failure_predictive_morphology_v4,top2_failure_recall,0.8261111111111111,0.099213122500347,10
1.0,failure_predictive_morphology_v4,calibration_error,0.2337708626986211,0.08766170703349555,10
1.0,failure_predictive_morphology_v4,early_warning_lead_time,0.7122822222222223,0.015240857602720126,10
1.0,failure_predictive_morphology_v4,cross_morphology_generalization_gap,0.12916,0.0,10
1.0,failure_predictive_morphology_v4,morphology_shift_detection,0.651151386900216,0.0049596835461320175,10
1.0,failure_predictive_morphology_v4,failure_family_f1,0.5603348387539856,0.09979671928528643,10
1.0,failure_predictive_morphology_v4,task_success,0.5008333333333334,0.08900755512699186,10
1.0,failure_predictive_morphology_v4,dominant_failure_rate,0.1602777777777778,0.06552486841913005,10
1.0,failure_predictive_morphology_v4,safety_violation_rate,0.13583333333333333,0.04336192298415053,10
1.0,failure_predictive_morphology_v4,intervention_cost,0.03176106677333333,0.0056338420046002195,10
1.0,failure_predictive_morphology_v4,unnecessary_intervention_rate,0.0,0.0,10
1.0,failure_predictive_morphology_v4,planning_regret_to_oracle,0.2358056614693584,0.023139416197745608,10
1.0,failure_predictive_morphology_v4,robust_utility,0.04549736165847992,0.14381019387887325,10
1.0,meta_adaptive_mpc,dominant_failure_accuracy,0.4697222222222222,0.07239928428433115,10
1.0,meta_adaptive_mpc,top2_failure_recall,0.605,0.09752430501463268,10
1.0,meta_adaptive_mpc,calibration_error,0.12873191162279907,0.05512336469031788,10
1.0,meta_adaptive_mpc,early_warning_lead_time,0.5001123333333333,0.014156027981195482,10
1.0,meta_adaptive_mpc,cross_morphology_generalization_gap,0.16536800000000001,0.0,10
1.0,meta_adaptive_mpc,morphology_shift_detection,0.6378194615667311,0.008669011583699085,10
1.0,meta_adaptive_mpc,failure_family_f1,0.3225822791669547,0.0634233835066524,10
1.0,meta_adaptive_mpc,task_success,0.49916666666666665,0.08160231621084009,10
1.0,meta_adaptive_mpc,dominant_failure_rate,0.30916666666666665,0.08501802124784993,10
1.0,meta_adaptive_mpc,safety_violation_rate,0.1313888888888889,0.044925739824352724,10
1.0,meta_adaptive_mpc,intervention_cost,0.02625042946,0.006946286355199147,10
1.0,meta_adaptive_mpc,unnecessary_intervention_rate,0.0,0.0,10
1.0,meta_adaptive_mpc,planning_regret_to_oracle,0.24180601549112102,0.02929160227721676,10
1.0,meta_adaptive_mpc,robust_utility,-0.06164412575511244,0.1833507132746067,10
1.0,morphology_failure_transformer_prior,dominant_failure_accuracy,0.6530555555555555,0.06971558612853758,10
1.0,morphology_failure_transformer_prior,top2_failure_recall,0.7794444444444445,0.06545521552981758,10
1.0,morphology_failure_transformer_prior,calibration_error,0.2212860741111854,0.06994852092896045,10
1.0,morphology_failure_transformer_prior,early_warning_lead_time,0.6956398888888888,0.010727333527509299,10
1.0,morphology_failure_transformer_prior,cross_morphology_generalization_gap,0.14039200000000002,0.0,10
1.0,morphology_failure_transformer_prior,morphology_shift_detection,0.6822559460687077,0.00615161371759373,10
1.0,morphology_failure_transformer_prior,failure_family_f1,0.49234395262896663,0.07179966328435569,10
1.0,morphology_failure_transformer_prior,task_success,0.5449999999999999,0.05365717217856597,10
1.0,morphology_failure_transformer_prior,dominant_failure_rate,0.1511111111111111,0.04510243850223329,10
1.0,morphology_failure_transformer_prior,safety_violation_rate,0.13722222222222222,0.04323832002106661,10
1.0,morphology_failure_transformer_prior,intervention_cost,0.0294720804,0.0063656141040800175,10
1.0,morphology_failure_transformer_prior,unnecessary_intervention_rate,0.0,0.0,10
1.0,morphology_failure_transformer_prior,planning_regret_to_oracle,0.2437348716075711,0.015198411427898293,10
1.0,morphology_failure_transformer_prior,robust_utility,0.10029849544919515,0.09006087008892265,10
1.0,online_system_identification,dominant_failure_accuracy,0.4886111111111111,0.07969682341568851,10
1.0,online_system_identification,top2_failure_recall,0.6752777777777778,0.09254648103663032,10
1.0,online_system_identification,calibration_error,0.13618859113154222,0.05558465802956829,10
1.0,online_system_identification,early_warning_lead_time,0.46992255555555557,0.01394281120773302,10
1.0,online_system_identification,cross_morphology_generalization_gap,0.14589066666666664,0.0,10
1.0,online_system_identification,morphology_shift_detection,0.7021436297254137,0.00603979261980625,10
1.0,online_system_identification,failure_family_f1,0.34225286497012686,0.07028682706957429,10
1.0,online_system_identification,task_success,0.62,0.11063465970783935,10
1.0,online_system_identification,dominant_failure_rate,0.2088888888888889,0.05849674888085344,10
1.0,online_system_identification,safety_violation_rate,0.05472222222222223,0.029431909980544596,10
1.0,online_system_identification,intervention_cost,0.033425343553333334,0.007271431689299349,10
1.0,online_system_identification,unnecessary_intervention_rate,0.0,0.0,10
1.0,online_system_identification,planning_regret_to_oracle,0.1933919197942277,0.02308445200725241,10
1.0,online_system_identification,robust_utility,0.23791599215016626,0.1455889891613563,10
1.0,per_morphology_calibrated_predictor,dominant_failure_accuracy,0.34305555555555556,0.13385228150743722,10
1.0,per_morphology_calibrated_predictor,top2_failure_recall,0.5402777777777777,0.11818123680394568,10
1.0,per_morphology_calibrated_predictor,calibration_error,0.16592486769225362,0.08206436845660021,10
1.0,per_morphology_calibrated_predictor,early_warning_lead_time,0.5087025555555555,0.020916644585596514,10
1.0,per_morphology_calibrated_predictor,cross_morphology_generalization_gap,0.19873066666666667,0.0,10
1.0,per_morphology_calibrated_predictor,morphology_shift_detection,0.4721936336002583,0.004021337624630281,10
1.0,per_morphology_calibrated_predictor,failure_family_f1,0.23731745062697443,0.1003045322004592,10
1.0,per_morphology_calibrated_predictor,task_success,0.4230555555555556,0.1313781785627626,10
1.0,per_morphology_calibrated_predictor,dominant_failure_rate,0.37916666666666665,0.11171729366442647,10
1.0,per_morphology_calibrated_predictor,safety_violation_rate,0.13611111111111113,0.04298468480252026,10
1.0,per_morphology_calibrated_predictor,intervention_cost,0.01376278945,0.004371727004065676,10
1.0,per_morphology_calibrated_predictor,unnecessary_intervention_rate,0.0,0.0,10
1.0,per_morphology_calibrated_predictor,planning_regret_to_oracle,0.34663578001049594,0.025847670204111342,10
1.0,per_morphology_calibrated_predictor,robust_utility,-0.2724141623702928,0.19705778149064718,10
1.0,retrieval_failure_memory,dominant_failure_accuracy,0.4866666666666667,0.11136458470727272,10
1.0,retrieval_failure_memory,top2_failure_recall,0.6541666666666667,0.11897561075010613,10
1.0,retrieval_failure_memory,calibration_error,0.17068771068461353,0.07370507055830021,10
1.0,retrieval_failure_memory,early_warning_lead_time,0.6487766666666667,0.01819635058589273,10
1.0,retrieval_failure_memory,cross_morphology_generalization_gap,0.19616,0.0,10
1.0,retrieval_failure_memory,morphology_shift_detection,0.5524299585601297,0.0055485668377845306,10
1.0,retrieval_failure_memory,failure_family_f1,0.34397716761853664,0.09119778071810117,10
1.0,retrieval_failure_memory,task_success,0.5188888888888888,0.10480080236135117,10
1.0,retrieval_failure_memory,dominant_failure_rate,0.3327777777777778,0.11067335345954234,10
1.0,retrieval_failure_memory,safety_violation_rate,0.12833333333333333,0.06676841576903911,10
1.0,retrieval_failure_memory,intervention_cost,0.04231722742666667,0.007928053632734772,10
1.0,retrieval_failure_memory,unnecessary_intervention_rate,0.0,0.0,10
1.0,retrieval_failure_memory,planning_regret_to_oracle,0.26208801868829806,0.037855275771436624,10
1.0,retrieval_failure_memory,robust_utility,-0.06796250185752575,0.23868647651027944,10
1.0,risk_aware_intervention_policy,dominant_failure_accuracy,0.4477777777777778,0.0891803767006922,10
1.0,risk_aware_intervention_policy,top2_failure_recall,0.6277777777777778,0.08171504739760857,10
1.0,risk_aware_intervention_policy,calibration_error,0.11159949934242352,0.07073744512619139,10
1.0,risk_aware_intervention_policy,early_warning_lead_time,0.5462755555555555,0.013065158771018987,10
1.0,risk_aware_intervention_policy,cross_morphology_generalization_gap,0.1934733333333333,0.0,10
1.0,risk_aware_intervention_policy,morphology_shift_detection,0.7276880817571201,0.004932574337972605,10
1.0,risk_aware_intervention_policy,failure_family_f1,0.3072397788866043,0.08119788137045272,10
1.0,risk_aware_intervention_policy,task_success,0.52,0.08481148270989783,10
1.0,risk_aware_intervention_policy,dominant_failure_rate,0.29638888888888887,0.08488620487321705,10
1.0,risk_aware_intervention_policy,safety_violation_rate,0.035,0.041202291944187355,10
1.0,risk_aware_intervention_policy,intervention_cost,0.0412472685,0.006129379666900728,10
1.0,risk_aware_intervention_policy,unnecessary_intervention_rate,0.0,0.0,10
1.0,risk_aware_intervention_policy,planning_regret_to_oracle,0.2383983074309667,0.025643812774874077,10
1.0,risk_aware_intervention_policy,robust_utility,0.06781843068665146,0.1771827046541886,10
